symbol,first,last,bars,missing_inside,missing_pct
ETHUSDT,2019-01-01 01:00:00,2026-09-01 00:00:00,67137,63,0.09375
BNBUSDT,2019-01-01 01:00:00,2026-09-01 00:00:00,67137,63,0.09375
EOSUSDT,2019-01-01 01:00:00,2025-05-26 03:00:00,56028,63,0.11231748408835641
XRPUSDT,2019-01-01 01:00:00,2026-09-01 00:00:00,67137,63,0.09375
ETCUSDT,2019-01-01 01:00:00,2026-09-01 00:00:00,67136,64,0.09523809523809523
VETUSDT,2019-01-01 01:00:00,2026-09-01 00:00:00,67137,63,0.09375
QTUMUSDT,2019-01-01 01:00:00,2026-09-01 00:00:00,67135,65,0.09672619047619048
ONTUSDT,2019-01-01 01:00:00,2026-09-01 00:00:00,67137,63,0.09375
BTCUSDT,2019-01-01 01:00:00,2026-09-01 00:00:00,67137,63,0.09375
BCHSVUSDT,2019-01-01 01:00:00,2019-04-22 10:00:00,2668,6,0.22438294689603588
NEOUSDT,2019-01-01 01:00:00,2026-09-01 00:00:00,67137,63,0.09375
ADAUSDT,2019-01-01 01:00:00,2026-09-01 00:00:00,67137,63,0.09375
BCHABCUSDT,2019-01-01 01:00:00,2019-11-28 02:00:00,7917,29,0.36496350364963503
ICXUSDT,2019-01-01 01:00:00,2026-09-01 00:00:00,67131,69,0.10267857142857142
IOTAUSDT,2019-01-01 01:00:00,2026-09-01 00:00:00,67137,63,0.09375
TRXUSDT,2019-01-01 01:00:00,2026-09-01 00:00:00,67137,63,0.09375
LTCUSDT,2019-01-01 01:00:00,2026-09-01 00:00:00,67137,63,0.09375
NULSUSDT,2019-01-01 01:00:00,2025-04-16 03:00:00,55053,78,0.1414811993252435
XLMUSDT,2019-01-01 01:00:00,2026-09-01 00:00:00,67137,63,0.09375
LINKUSDT,2019-01-16 11:00:00,2026-09-01 00:00:00,66766,64,0.09576537483166243
WAVESUSDT,2019-01-18 11:00:00,2024-06-17 03:00:00,47377,64,0.1349044075799414
BTTUSDT,2019-01-31 11:00:00,2022-01-17 04:00:00,25901,61,0.23495878591788
ONGUSDT,2019-02-16 11:00:00,2026-09-01 00:00:00,65961,125,0.18914747450292044
HOTUSDT,2019-02-18 11:00:00,2026-09-01 00:00:00,65975,63,0.09539961840152639
ZILUSDT,2019-02-19 12:00:00,2026-09-01 00:00:00,65950,63,0.09543574750427945
ZRXUSDT,2019-02-28 05:00:00,2026-09-01 00:00:00,65734,70,0.1063765120661358
FETUSDT,2019-02-28 11:00:00,2026-09-01 00:00:00,65735,63,0.09574759111219186
BATUSDT,2019-03-04 11:00:00,2026-09-01 00:00:00,65639,63,0.09588749200937567
XMRUSDT,2019-03-15 05:00:00,2024-02-20 03:00:00,43213,58,0.1340389637401493
ZECUSDT,2019-03-21 05:00:00,2026-09-01 00:00:00,65243,57,0.08728943338437978
IOSTUSDT,2019-03-22 05:00:00,2026-09-01 00:00:00,65218,58,0.08885348366934248
CELRUSDT,2019-03-25 05:00:00,2026-09-01 00:00:00,65138,66,0.10122078400098154
DASHUSDT,2019-03-28 05:00:00,2026-09-01 00:00:00,65075,57,0.08751458576429405
NANOUSDT,2019-04-03 05:00:00,2022-01-24 04:00:00,24585,63,0.2555988315481986
OMGUSDT,2019-04-03 05:00:00,2024-06-17 03:00:00,45576,71,0.15554143755339891
THETAUSDT,2019-04-10 05:00:00,2026-09-01 00:00:00,64757,63,0.09719222462203024
ENJUSDT,2019-04-18 05:00:00,2026-09-01 00:00:00,64570,58,0.08974438323946277
MITHUSDT,2019-04-19 11:00:00,2022-12-22 09:00:00,32112,119,0.36920976699450836
MATICUSDT,2019-04-26 16:00:00,2024-09-10 03:00:00,47067,57,0.12095747389865036
ATOMUSDT,2019-04-29 05:00:00,2026-09-01 00:00:00,64307,57,0.08855882170157231
TFUELUSDT,2019-05-24 11:00:00,2026-09-01 00:00:00,63482,276,0.4328868534144735
ONEUSDT,2019-06-01 05:00:00,2026-09-01 00:00:00,63519,53,0.08337003712326181
FTMUSDT,2019-06-11 05:00:00,2025-01-13 03:00:00,48975,56,0.1142134567926414
ALGOUSDT,2019-06-22 01:00:00,2026-09-01 00:00:00,63026,46,0.07293252156265854
ERDUSDT,2019-07-04 09:00:00,2020-08-31 03:00:00,10145,26,0.25562874840232036
DOGEUSDT,2019-07-05 13:00:00,2026-09-01 00:00:00,62702,46,0.07330910945368777
DUSKUSDT,2019-07-22 11:00:00,2026-09-01 00:00:00,62253,89,0.1427608995540727
ANKRUSDT,2019-07-23 15:00:00,2026-09-01 00:00:00,62236,78,0.12517251339987803
WINUSDT,2019-08-01 11:00:00,2026-09-01 00:00:00,62056,46,0.07407168851244726
NPXSUSDT,2019-08-13 12:00:00,2021-04-05 05:00:00,14379,39,0.27049521431543905
MTLUSDT,2019-08-23 11:00:00,2026-09-01 00:00:00,61494,80,0.12992496833078895
TOMOUSDT,2019-08-24 14:00:00,2023-11-20 03:00:00,37120,46,0.12376903621589626
DOCKUSDT,2019-08-27 05:00:00,2024-07-22 03:00:00,42886,97,0.22567061396366006
DENTUSDT,2019-08-27 05:00:00,2026-04-28 03:00:00,58354,109,0.1864427073533688
CVCUSDT,2019-08-27 05:00:00,2026-09-01 00:00:00,57693,3791,6.165831761108581
CHZUSDT,2019-09-06 05:00:00,2026-09-01 00:00:00,61197,47,0.07674221148194109
BANDUSDT,2019-09-18 13:00:00,2026-09-01 00:00:00,60902,46,0.07547417470630702
XTZUSDT,2019-09-24 12:00:00,2026-09-01 00:00:00,60764,41,0.06742866540580544
RENUSDT,2019-09-25 13:00:00,2024-12-10 03:00:00,45621,42,0.0919781880296958
RVNUSDT,2019-09-25 13:00:00,2026-09-01 00:00:00,60741,39,0.06416584402764067
HBARUSDT,2019-09-29 05:00:00,2026-09-01 00:00:00,60653,39,0.06425888090687405
KAVAUSDT,2019-10-25 03:00:00,2026-09-01 00:00:00,60030,40,0.0665889795238888
STXUSDT,2019-10-25 05:00:00,2026-09-01 00:00:00,60007,61,0.10155157488180064
ARPAUSDT,2019-11-06 15:00:00,2026-09-01 00:00:00,59731,39,0.06525012548101054
IOTXUSDT,2019-11-14 04:00:00,2026-09-01 00:00:00,59399,190,0.3188507946097434
CTXCUSDT,2019-11-22 15:00:00,2025-04-16 03:00:00,47239,78,0.1648456157406429
BCHUSDT,2019-11-28 11:00:00,2026-09-01 00:00:00,59212,34,0.05738784052931843
FTTUSDT,2019-12-20 04:00:00,2026-09-01 00:00:00,51164,7561,12.87526607066837
OGNUSDT,2020-01-09 04:00:00,2026-09-01 00:00:00,58211,34,0.058374109365610785
WRXUSDT,2020-02-05 03:00:00,2024-12-25 03:00:00,42807,34,0.07936322681543381
BNTUSDT,2020-02-06 11:00:00,2026-09-01 00:00:00,57463,103,0.17892505993120938
MBLUSDT,2020-02-21 15:00:00,2026-09-01 00:00:00,57173,29,0.05069752805845949
DATAUSDT,2020-04-07 14:00:00,2026-02-13 03:00:00,51268,34,0.06627421932868113
CHRUSDT,2020-05-07 15:00:00,2026-09-01 00:00:00,55353,25,0.045144281122467406
GXSUSDT,2020-05-13 15:00:00,2022-04-25 04:00:00,17040,38,0.22250849045555685
LENDUSDT,2020-05-15 09:00:00,2020-10-12 03:00:00,3592,3,0.08344923504867872
STMXUSDT,2020-06-11 04:00:00,2025-02-24 03:00:00,41225,31,0.07514058561178981
LRCUSDT,2020-06-12 09:00:00,2026-04-01 03:00:00,50826,25,0.04916324162749995
COMPUSDT,2020-06-25 07:00:00,2026-09-01 00:00:00,54185,25,0.04611695259177274
ZENUSDT,2020-07-06 06:00:00,2026-09-01 00:00:00,53925,22,0.04078076630767235
SNXUSDT,2020-07-09 13:00:00,2026-09-01 00:00:00,53845,23,0.04269696294646172
SXPUSDT,2020-07-20 13:00:00,2026-04-01 03:00:00,49913,22,0.04405727445679383
MKRUSDT,2020-07-23 15:00:00,2025-09-15 03:00:00,45087,22,0.04877075528165111
STORJUSDT,2020-07-30 06:00:00,2026-09-01 00:00:00,53349,22,0.04122088774802795
MANAUSDT,2020-08-06 11:00:00,2026-09-01 00:00:00,53176,22,0.04135493815556976
YFIUSDT,2020-08-10 13:00:00,2026-09-01 00:00:00,53078,22,0.04143126177024482
BLZUSDT,2020-08-11 07:00:00,2024-12-25 03:00:00,38303,22,0.057403783431180695
SOLUSDT,2020-08-11 07:00:00,2026-09-01 00:00:00,53060,22,0.04144531102822049
SRMUSDT,2020-08-11 14:00:00,2022-11-28 03:00:00,20106,20,0.09937394415184338
SANDUSDT,2020-08-14 14:00:00,2026-09-01 00:00:00,52981,22,0.04150708450465068
CRVUSDT,2020-08-15 05:00:00,2026-09-01 00:00:00,52966,22,0.041518834453083714
DOTUSDT,2020-08-19 00:00:00,2026-09-01 00:00:00,52875,22,0.041590260317220254
LUNAUSDT,2020-08-21 11:00:00,2026-09-01 00:00:00,52379,459,0.8686929861084824
RSRUSDT,2020-08-27 08:00:00,2026-09-01 00:00:00,52675,22,0.041748107102871135
TRBUSDT,2020-08-29 08:00:00,2026-09-01 00:00:00,52627,22,0.04178616877813444
YFIIUSDT,2020-09-01 12:00:00,2023-08-22 03:00:00,26010,22,0.08451137062077443
SUSHIUSDT,2020-09-01 12:00:00,2026-09-01 00:00:00,52551,22,0.04184657523824016
EGLDUSDT,2020-09-03 04:00:00,2026-09-01 00:00:00,52511,22,0.04187843831496393
RUNEUSDT,2020-09-04 07:00:00,2026-09-01 00:00:00,52484,22,0.041899973336380604
KSMUSDT,2020-09-04 12:00:00,2026-09-01 00:00:00,52479,22,0.041903963734024115
BELUSDT,2020-09-15 09:00:00,2026-09-01 00:00:00,52218,22,0.04211332312404288
WINGUSDT,2020-09-16 03:00:00,2025-05-02 03:00:00,40515,22,0.05427140636948961
UNIUSDT,2020-09-17 04:00:00,2026-09-01 00:00:00,52175,22,0.04214801616951166
SUNUSDT,2020-09-21 15:00:00,2026-09-01 00:00:00,51971,119,0.2284507583029372
AVAXUSDT,2020-09-22 07:00:00,2026-09-01 00:00:00,52052,22,0.04224757076468103
FLMUSDT,2020-09-28 08:00:00,2025-11-12 03:00:00,44878,22,0.04899777282850779
XVSUSDT,2020-10-06 06:00:00,2026-09-01 00:00:00,51714,25,0.048319449544830785
ALPHAUSDT,2020-10-10 06:00:00,2025-07-04 03:00:00,41448,22,0.05305039787798408
NEARUSDT,2020-10-14 06:00:00,2026-09-01 00:00:00,51525,22,0.04267949638194269
AAVEUSDT,2020-10-15 04:00:00,2026-09-01 00:00:00,51503,22,0.042697719553614746
FILUSDT,2020-10-15 18:00:00,2026-09-01 00:00:00,51489,22,0.04270932422201083
INJUSDT,2020-10-21 05:00:00,2026-09-01 00:00:00,51358,22,0.04281821720513819
AKROUSDT,2020-11-02 08:00:00,2024-12-25 03:00:00,36310,22,0.060552680832324124
AXSUSDT,2020-11-04 14:00:00,2026-09-01 00:00:00,51013,22,0.04310767120603508
STRAXUSDT,2020-11-18 04:00:00,2026-09-01 00:00:00,50484,225,0.4437082174761876
UNFIUSDT,2020-11-19 07:00:00,2024-11-06 03:00:00,34727,22,0.06331117442228554
ROSEUSDT,2020-11-19 09:00:00,2026-09-01 00:00:00,50658,22,0.043409629044988164
XEMUSDT,2020-11-24 14:00:00,2024-06-17 03:00:00,31192,22,0.07048119433587492
GRTUSDT,2020-12-17 21:00:00,2026-09-01 00:00:00,49975,21,0.0420033602688215
1INCHUSDT,2020-12-25 06:00:00,2026-09-01 00:00:00,49803,16,0.03211626086432887
REEFUSDT,2020-12-29 07:00:00,2024-08-26 03:00:00,32045,16,0.04990486884376657
OGUSDT,2020-12-30 07:00:00,2026-09-01 00:00:00,49682,16,0.03219445450521148
BTCSTUSDT,2021-01-13 07:00:00,2022-11-28 03:00:00,16302,111,0.6762931822335954
TRUUSDT,2021-01-19 08:00:00,2026-04-28 03:00:00,46179,17,0.03679972291973331
CKBUSDT,2021-01-26 13:00:00,2026-09-01 00:00:00,49028,16,0.03262376641383248
TWTUSDT,2021-01-27 09:00:00,2026-09-01 00:00:00,49008,16,0.03263707571801567
LITUSDT,2021-02-04 07:00:00,2025-02-10 03:00:00,35189,16,0.04544808975997728
CAKEUSDT,2021-02-19 07:00:00,2026-09-01 00:00:00,48460,14,0.02888146222717333
OMUSDT,2021-03-08 10:00:00,2026-03-02 03:00:00,43659,15,0.03434537711224069
ALICEUSDT,2021-03-15 07:00:00,2026-09-01 00:00:00,47885,13,0.027141007975280806
LINAUSDT,2021-03-18 13:00:00,2025-03-28 03:00:00,35282,13,0.036832412523020254
PERPUSDT,2021-03-19 09:00:00,2025-11-12 03:00:00,40758,13,0.031885408746412894
CFXUSDT,2021-03-29 12:00:00,2026-09-01 00:00:00,47543,14,0.029438358180709463
TLMUSDT,2021-04-13 07:00:00,2026-09-01 00:00:00,47189,13,0.027541205881106735
BAKEUSDT,2021-04-30 13:00:00,2025-09-17 03:00:00,38407,8,0.02082519849017311
SLPUSDT,2021-04-30 13:00:00,2026-09-01 00:00:00,46780,8,0.0170984012994785
BURGERUSDT,2021-04-30 13:00:00,2025-03-28 03:00:00,34255,8,0.023348801914601758
SHIBUSDT,2021-05-10 12:00:00,2026-09-01 00:00:00,46541,8,0.017186190895615374
ICPUSDT,2021-05-11 02:00:00,2026-09-01 00:00:00,46527,8,0.017191361340926185
ARUSDT,2021-05-14 13:00:00,2026-09-01 00:00:00,46444,8,0.017222078704899682
MDXUSDT,2021-05-24 10:00:00,2024-07-22 03:00:00,27705,9,0.03247456159341849
MASKUSDT,2021-05-25 07:00:00,2026-09-01 00:00:00,46185,9,0.019483049746720355
LPTUSDT,2021-05-28 06:00:00,2026-09-01 00:00:00,46115,8,0.017344925525226026
NUUSDT,2021-06-04 06:00:00,2022-02-16 04:00:00,6161,6,0.09729203826820172
XVGUSDT,2021-06-06 11:00:00,2026-09-01 00:00:00,45894,8,0.017428434490871857
ATAUSDT,2021-06-07 07:00:00,2026-05-27 03:00:00,43548,9,0.02066258006749776
KLAYUSDT,2021-06-24 09:00:00,2024-10-28 03:00:00,29315,8,0.027282338096374863
PHAUSDT,2021-06-25 11:00:00,2026-09-01 00:00:00,45437,9,0.01980372309994279
BONDUSDT,2021-07-05 07:00:00,2024-07-22 03:00:00,26701,8,0.02995245048485529
DEXEUSDT,2021-07-23 11:00:00,2026-09-01 00:00:00,44765,9,0.020100951445035067
QNTUSDT,2021-07-29 07:00:00,2026-09-01 00:00:00,44626,8,0.01792355603351705
FLOWUSDT,2021-07-30 14:00:00,2026-09-01 00:00:00,44594,9,0.02017801493173105
MINAUSDT,2021-08-10 07:00:00,2026-09-01 00:00:00,44338,8,0.018039958508095432
ALPACAUSDT,2021-08-11 09:00:00,2025-05-02 03:00:00,32626,9,0.027577753945150912
DYDXUSDT,2021-09-09 03:00:00,2026-09-01 00:00:00,43626,4,0.009168003667201467
GALAUSDT,2021-09-13 07:00:00,2026-09-01 00:00:00,43526,4,0.009189065012634966
YGGUSDT,2021-09-24 07:00:00,2026-09-01 00:00:00,43262,4,0.009245134747838949
FRONTUSDT,2021-10-04 11:00:00,2024-08-27 03:00:00,25383,2,0.00787866850502265
RADUSDT,2021-10-07 08:00:00,2026-09-01 00:00:00,42951,2,0.00465625218261821
RAREUSDT,2021-10-11 07:00:00,2026-09-01 00:00:00,42851,7,0.016333006673199868
AUCTIONUSDT,2021-10-29 11:00:00,2026-09-01 00:00:00,42419,3,0.007071802366696525
DARUSDT,2021-11-04 09:00:00,2025-01-06 03:00:00,27809,2,0.007191399086692315
BNXUSDT,2021-11-04 12:00:00,2025-03-18 03:00:00,29361,151,0.5116562754133911
MOVRUSDT,2021-11-08 07:00:00,2026-09-01 00:00:00,42184,2,0.004740909306404969
ENSUSDT,2021-11-10 08:00:00,2026-09-01 00:00:00,42135,2,0.004746422384127964
VGXUSDT,2021-11-22 08:00:00,2024-08-26 03:00:00,24186,2,0.00826856292376385
JASMYUSDT,2021-11-22 13:00:00,2026-09-01 00:00:00,41842,2,0.0047796577765032025
RNDRUSDT,2021-11-27 11:00:00,2024-07-22 03:00:00,23223,2,0.008611410118406888
SANTOSUSDT,2021-12-01 12:00:00,2026-09-01 00:00:00,41627,2,0.004804343126186072
HIGHUSDT,2021-12-17 08:00:00,2026-06-19 03:00:00,39474,2,0.00506636943965954
PEOPLEUSDT,2021-12-23 07:00:00,2026-09-01 00:00:00,41104,2,0.004865469761105435
ACHUSDT,2022-01-10 11:00:00,2026-09-01 00:00:00,40668,2,0.004917629702483403
GLMRUSDT,2022-01-11 17:00:00,2026-09-01 00:00:00,40638,2,0.004921259842519685
ANCUSDT,2022-01-25 12:00:00,2022-12-27 03:00:00,8056,0,0.0
GMTUSDT,2022-03-09 13:00:00,2026-09-01 00:00:00,39274,2,0.005092168245238823
APEUSDT,2022-03-17 15:00:00,2026-09-01 00:00:00,39080,2,0.005117445371270662
MULTIUSDT,2022-04-06 05:00:00,2024-02-20 03:00:00,16436,3,0.018249285236328246
LDOUSDT,2022-05-09 12:00:00,2026-09-01 00:00:00,37811,2,0.0052891862586941
OPUSDT,2022-06-01 09:00:00,2026-09-01 00:00:00,37262,2,0.0053671103477887505
LEVERUSDT,2022-07-13 05:00:00,2025-07-04 03:00:00,26085,2,0.007666653888910186
LUNCUSDT,2022-09-09 09:00:00,2026-09-01 00:00:00,34862,2,0.005736576411197797
POLYXUSDT,2022-10-17 09:00:00,2026-09-01 00:00:00,33948,4,0.0117813383600377
APTUSDT,2022-10-19 02:00:00,2026-09-01 00:00:00,33909,2,0.0058977912771667005
HOOKUSDT,2022-12-01 15:00:00,2026-04-01 03:00:00,29195,2,0.006850018837551803
MAGICUSDT,2022-12-12 09:00:00,2026-09-01 00:00:00,32606,2,0.006133464180569185
HIFIUSDT,2023-01-12 09:00:00,2025-09-17 03:00:00,23488,3,0.012770848410029373
AGIXUSDT,2023-02-17 09:00:00,2024-07-01 03:00:00,11993,2,0.016673614005835762
GASUSDT,2023-03-17 09:00:00,2026-09-01 00:00:00,30325,3,0.009891849116328144
IDUSDT,2023-03-22 13:00:00,2026-09-01 00:00:00,30202,2,0.006621639517944643
ARBUSDT,2023-03-23 16:00:00,2026-09-01 00:00:00,30175,2,0.006627564038837525
LOOMUSDT,2023-03-24 09:00:00,2024-08-26 03:00:00,12496,3,0.02400192015361229
EDUUSDT,2023-04-28 13:00:00,2026-09-01 00:00:00,29315,1,0.0034111065629690274
SUIUSDT,2023-05-03 13:00:00,2026-09-01 00:00:00,29196,0,0.0
PEPEUSDT,2023-05-05 19:00:00,2026-09-01 00:00:00,29142,0,0.0
FLOKIUSDT,2023-05-05 19:00:00,2026-09-01 00:00:00,29142,0,0.0
PENDLEUSDT,2023-07-03 11:00:00,2026-09-01 00:00:00,27734,0,0.0
WLDUSDT,2023-07-24 10:00:00,2026-09-01 00:00:00,27231,0,0.0
SEIUSDT,2023-08-15 13:00:00,2026-09-01 00:00:00,26700,0,0.0
CYBERUSDT,2023-08-15 13:00:00,2026-09-01 00:00:00,26700,0,0.0
ARKUSDT,2023-09-22 09:00:00,2026-09-01 00:00:00,25788,4,0.015508684863523574
TIAUSDT,2023-10-31 17:00:00,2026-09-01 00:00:00,24848,0,0.0
MEMEUSDT,2023-11-03 09:00:00,2026-09-01 00:00:00,24784,0,0.0
ORDIUSDT,2023-11-07 13:00:00,2026-09-01 00:00:00,24684,0,0.0
BLURUSDT,2023-11-24 10:00:00,2026-09-01 00:00:00,24279,0,0.0
JTOUSDT,2023-12-07 17:00:00,2026-09-01 00:00:00,23960,0,0.0
1000SATSUSDT,2023-12-12 13:00:00,2026-09-01 00:00:00,23844,0,0.0
BONKUSDT,2023-12-15 09:00:00,2026-09-01 00:00:00,23776,0,0.0
AIUSDT,2024-01-04 11:00:00,2026-09-01 00:00:00,23294,0,0.0
JUPUSDT,2024-01-31 17:00:00,2026-09-01 00:00:00,22640,0,0.0
STRKUSDT,2024-02-20 14:00:00,2026-09-01 00:00:00,22163,0,0.0
WIFUSDT,2024-03-05 15:00:00,2026-09-01 00:00:00,21826,0,0.0
BOMEUSDT,2024-03-16 13:00:00,2026-09-01 00:00:00,21564,0,0.0
ETHFIUSDT,2024-03-18 13:00:00,2026-09-01 00:00:00,21516,0,0.0
ENAUSDT,2024-04-02 09:00:00,2026-09-01 00:00:00,21160,0,0.0
SAGAUSDT,2024-04-09 09:00:00,2026-09-01 00:00:00,20992,0,0.0
TAOUSDT,2024-04-11 13:00:00,2026-09-01 00:00:00,20940,0,0.0
NOTUSDT,2024-05-16 13:00:00,2026-09-01 00:00:00,20100,0,0.0
ZKUSDT,2024-06-17 11:00:00,2026-09-01 00:00:00,19334,0,0.0
ZROUSDT,2024-06-20 14:00:00,2026-09-01 00:00:00,19259,0,0.0
TONUSDT,2024-08-08 11:00:00,2026-06-30 03:00:00,16577,0,0.0
NEIROUSDT,2024-09-16 11:00:00,2026-09-01 00:00:00,17150,0,0.0
1MBABYDOGEUSDT,2024-09-16 11:00:00,2026-09-01 00:00:00,17150,0,0.0
EIGENUSDT,2024-10-01 06:00:00,2026-09-01 00:00:00,16795,0,0.0
PNUTUSDT,2024-11-11 11:00:00,2026-09-01 00:00:00,15806,0,0.0
ACTUSDT,2024-11-11 11:00:00,2026-09-01 00:00:00,15806,0,0.0
USUALUSDT,2024-11-19 11:00:00,2026-09-01 00:00:00,15588,26,0.16651722812860253
VANAUSDT,2024-12-16 12:00:00,2026-09-01 00:00:00,14965,0,0.0
PENGUUSDT,2024-12-17 15:00:00,2026-09-01 00:00:00,14938,0,0.0
BIOUSDT,2025-01-03 11:00:00,2026-09-01 00:00:00,14534,0,0.0
SUSDT,2025-01-16 09:00:00,2026-09-01 00:00:00,14224,0,0.0
TRUMPUSDT,2025-01-19 09:00:00,2026-09-01 00:00:00,14152,0,0.0
BERAUSDT,2025-02-06 14:00:00,2026-09-01 00:00:00,13715,0,0.0
LAYERUSDT,2025-02-11 15:00:00,2026-09-01 00:00:00,13594,0,0.0
FORMUSDT,2025-03-19 09:00:00,2026-09-01 00:00:00,12735,1,0.007851758793969849
MUBARAKUSDT,2025-03-27 22:00:00,2026-09-01 00:00:00,12531,0,0.0
BANANAS31USDT,2025-03-27 22:00:00,2026-09-01 00:00:00,12531,0,0.0
VIRTUALUSDT,2025-04-11 15:00:00,2026-09-01 00:00:00,12178,0,0.0
ONDOUSDT,2025-04-11 15:00:00,2026-09-01 00:00:00,12178,0,0.0
STOUSDT,2025-05-02 17:00:00,2026-09-01 00:00:00,11672,0,0.0
HOMEUSDT,2025-06-12 16:00:00,2026-09-01 00:00:00,10689,0,0.0
SPKUSDT,2025-06-17 10:00:00,2026-09-01 00:00:00,10575,0,0.0
WLFIUSDT,2025-09-01 14:00:00,2026-09-01 00:00:00,8747,0,0.0
PUMPUSDT,2025-09-11 13:00:00,2026-09-01 00:00:00,8508,0,0.0
AVNTUSDT,2025-09-15 06:00:00,2026-09-01 00:00:00,8419,0,0.0
BARDUSDT,2025-09-18 12:00:00,2026-09-01 00:00:00,8341,0,0.0
XPLUSDT,2025-09-25 14:00:00,2026-09-01 00:00:00,8171,0,0.0
ASTERUSDT,2025-10-06 13:00:00,2026-09-01 00:00:00,7908,0,0.0
ENSOUSDT,2025-10-14 10:00:00,2026-09-01 00:00:00,7719,0,0.0
GIGGLEUSDT,2025-10-25 07:00:00,2026-09-01 00:00:00,7458,0,0.0
KITEUSDT,2025-11-03 14:00:00,2026-09-01 00:00:00,7235,0,0.0
ALLOUSDT,2025-11-11 15:00:00,2026-09-01 00:00:00,7042,0,0.0
BANKUSDT,2025-11-13 15:00:00,2026-09-01 00:00:00,6994,0,0.0
SENTUSDT,2026-01-22 14:00:00,2026-09-01 00:00:00,5315,0,0.0
OPNUSDT,2026-03-05 14:00:00,2026-09-01 00:00:00,4307,0,0.0
NIGHTUSDT,2026-03-11 16:00:00,2026-09-01 00:00:00,4161,0,0.0
MEGAUSDT,2026-04-30 12:00:00,2026-09-01 00:00:00,2965,0,0.0
AIGENSYNUSDT,2026-05-14 18:00:00,2026-09-01 00:00:00,2623,0,0.0
