month,rank,symbol
2019-04-01,1,BTCUSDT
2019-04-01,2,BNBUSDT
2019-04-01,3,ETHUSDT
2019-04-01,4,EOSUSDT
2019-04-01,5,LTCUSDT
2019-04-01,6,XRPUSDT
2019-04-01,7,BCHABCUSDT
2019-04-01,8,ADAUSDT
2019-04-01,9,BTTUSDT
2019-04-01,10,TRXUSDT
2019-04-01,11,XLMUSDT
2019-04-01,12,ONTUSDT
2019-04-01,13,NEOUSDT
2019-04-01,14,ICXUSDT
2019-04-01,15,VETUSDT
2019-04-01,16,BCHSVUSDT
2019-04-01,17,ETCUSDT
2019-04-01,18,QTUMUSDT
2019-04-01,19,IOTAUSDT
2019-04-01,20,NULSUSDT
2019-04-01,21,LINKUSDT
2019-04-01,22,WAVESUSDT
2019-05-01,1,BTCUSDT
2019-05-01,2,ETHUSDT
2019-05-01,3,BNBUSDT
2019-05-01,4,BCHABCUSDT
2019-05-01,5,EOSUSDT
2019-05-01,6,BTTUSDT
2019-05-01,7,LTCUSDT
2019-05-01,8,XRPUSDT
2019-05-01,9,ADAUSDT
2019-05-01,10,TRXUSDT
2019-05-01,11,FETUSDT
2019-05-01,12,NEOUSDT
2019-05-01,13,ONTUSDT
2019-05-01,14,ETCUSDT
2019-05-01,15,XLMUSDT
2019-05-01,16,ICXUSDT
2019-05-01,17,BATUSDT
2019-05-01,18,IOTAUSDT
2019-05-01,19,VETUSDT
2019-05-01,20,QTUMUSDT
2019-05-01,21,ZILUSDT
2019-05-01,22,HOTUSDT
2019-05-01,23,WAVESUSDT
2019-05-01,24,NULSUSDT
2019-05-01,25,LINKUSDT
2019-05-01,26,ZRXUSDT
2019-05-01,27,ONGUSDT
2019-06-01,1,BTCUSDT
2019-06-01,2,ETHUSDT
2019-06-01,3,BNBUSDT
2019-06-01,4,BCHABCUSDT
2019-06-01,5,XRPUSDT
2019-06-01,6,EOSUSDT
2019-06-01,7,LTCUSDT
2019-06-01,8,BTTUSDT
2019-06-01,9,TRXUSDT
2019-06-01,10,ADAUSDT
2019-06-01,11,FETUSDT
2019-06-01,12,NEOUSDT
2019-06-01,13,CELRUSDT
2019-06-01,14,XLMUSDT
2019-06-01,15,ONTUSDT
2019-06-01,16,IOTAUSDT
2019-06-01,17,ETCUSDT
2019-06-01,18,LINKUSDT
2019-06-01,19,HOTUSDT
2019-06-01,20,VETUSDT
2019-06-01,21,ICXUSDT
2019-06-01,22,BATUSDT
2019-06-01,23,ZILUSDT
2019-06-01,24,WAVESUSDT
2019-06-01,25,IOSTUSDT
2019-06-01,26,QTUMUSDT
2019-06-01,27,ZECUSDT
2019-06-01,28,NANOUSDT
2019-06-01,29,DASHUSDT
2019-06-01,30,XMRUSDT
2019-07-01,1,BTCUSDT
2019-07-01,2,ETHUSDT
2019-07-01,3,BNBUSDT
2019-07-01,4,XRPUSDT
2019-07-01,5,LTCUSDT
2019-07-01,6,EOSUSDT
2019-07-01,7,BCHABCUSDT
2019-07-01,8,TRXUSDT
2019-07-01,9,LINKUSDT
2019-07-01,10,MATICUSDT
2019-07-01,11,ADAUSDT
2019-07-01,12,FETUSDT
2019-07-01,13,BTTUSDT
2019-07-01,14,NEOUSDT
2019-07-01,15,ETCUSDT
2019-07-01,16,ATOMUSDT
2019-07-01,17,VETUSDT
2019-07-01,18,ONTUSDT
2019-07-01,19,CELRUSDT
2019-07-01,20,XLMUSDT
2019-07-01,21,ZILUSDT
2019-07-01,22,QTUMUSDT
2019-07-01,23,IOTAUSDT
2019-07-01,24,ICXUSDT
2019-07-01,25,ZECUSDT
2019-07-01,26,HOTUSDT
2019-07-01,27,MITHUSDT
2019-07-01,28,BATUSDT
2019-07-01,29,XMRUSDT
2019-07-01,30,IOSTUSDT
2019-08-01,1,BTCUSDT
2019-08-01,2,ETHUSDT
2019-08-01,3,BNBUSDT
2019-08-01,4,EOSUSDT
2019-08-01,5,LTCUSDT
2019-08-01,6,XRPUSDT
2019-08-01,7,BCHABCUSDT
2019-08-01,8,LINKUSDT
2019-08-01,9,TRXUSDT
2019-08-01,10,NEOUSDT
2019-08-01,11,ADAUSDT
2019-08-01,12,BTTUSDT
2019-08-01,13,ETCUSDT
2019-08-01,14,MATICUSDT
2019-08-01,15,ONEUSDT
2019-08-01,16,XLMUSDT
2019-08-01,17,ONTUSDT
2019-08-01,18,QTUMUSDT
2019-08-01,19,FETUSDT
2019-08-01,20,VETUSDT
2019-08-01,21,ICXUSDT
2019-08-01,22,WAVESUSDT
2019-08-01,23,CELRUSDT
2019-08-01,24,ATOMUSDT
2019-08-01,25,IOTAUSDT
2019-08-01,26,ZECUSDT
2019-08-01,27,HOTUSDT
2019-08-01,28,XMRUSDT
2019-08-01,29,BATUSDT
2019-08-01,30,ZILUSDT
2019-09-01,1,BTCUSDT
2019-09-01,2,ETHUSDT
2019-09-01,3,BNBUSDT
2019-09-01,4,LTCUSDT
2019-09-01,5,XRPUSDT
2019-09-01,6,BCHABCUSDT
2019-09-01,7,EOSUSDT
2019-09-01,8,LINKUSDT
2019-09-01,9,TRXUSDT
2019-09-01,10,MATICUSDT
2019-09-01,11,ALGOUSDT
2019-09-01,12,ETCUSDT
2019-09-01,13,ADAUSDT
2019-09-01,14,BTTUSDT
2019-09-01,15,NEOUSDT
2019-09-01,16,ONEUSDT
2019-09-01,17,ERDUSDT
2019-09-01,18,ONTUSDT
2019-09-01,19,CELRUSDT
2019-09-01,20,ICXUSDT
2019-09-01,21,FETUSDT
2019-09-01,22,ATOMUSDT
2019-09-01,23,XLMUSDT
2019-09-01,24,VETUSDT
2019-09-01,25,QTUMUSDT
2019-09-01,26,FTMUSDT
2019-09-01,27,HOTUSDT
2019-09-01,28,BATUSDT
2019-09-01,29,ZECUSDT
2019-09-01,30,IOTAUSDT
2019-10-01,1,BTCUSDT
2019-10-01,2,ETHUSDT
2019-10-01,3,BNBUSDT
2019-10-01,4,XRPUSDT
2019-10-01,5,EOSUSDT
2019-10-01,6,LTCUSDT
2019-10-01,7,TRXUSDT
2019-10-01,8,BCHABCUSDT
2019-10-01,9,BTTUSDT
2019-10-01,10,LINKUSDT
2019-10-01,11,ETCUSDT
2019-10-01,12,ADAUSDT
2019-10-01,13,XLMUSDT
2019-10-01,14,WINUSDT
2019-10-01,15,ONTUSDT
2019-10-01,16,ATOMUSDT
2019-10-01,17,ALGOUSDT
2019-10-01,18,NEOUSDT
2019-10-01,19,MATICUSDT
2019-10-01,20,FETUSDT
2019-10-01,21,XMRUSDT
2019-10-01,22,DASHUSDT
2019-10-01,23,ZECUSDT
2019-10-01,24,QTUMUSDT
2019-10-01,25,IOTAUSDT
2019-10-01,26,ICXUSDT
2019-10-01,27,DUSKUSDT
2019-10-01,28,VETUSDT
2019-10-01,29,ZRXUSDT
2019-10-01,30,BATUSDT
2019-11-01,1,BTCUSDT
2019-11-01,2,ETHUSDT
2019-11-01,3,XRPUSDT
2019-11-01,4,BNBUSDT
2019-11-01,5,BCHABCUSDT
2019-11-01,6,EOSUSDT
2019-11-01,7,LINKUSDT
2019-11-01,8,TRXUSDT
2019-11-01,9,LTCUSDT
2019-11-01,10,ONTUSDT
2019-11-01,11,ADAUSDT
2019-11-01,12,NEOUSDT
2019-11-01,13,ETCUSDT
2019-11-01,14,BTTUSDT
2019-11-01,15,XLMUSDT
2019-11-01,16,MATICUSDT
2019-11-01,17,DOCKUSDT
2019-11-01,18,ATOMUSDT
2019-11-01,19,IOSTUSDT
2019-11-01,20,XMRUSDT
2019-11-01,21,BATUSDT
2019-11-01,22,FETUSDT
2019-11-01,23,ALGOUSDT
2019-11-01,24,WINUSDT
2019-11-01,25,ZRXUSDT
2019-11-01,26,ZECUSDT
2019-11-01,27,QTUMUSDT
2019-11-01,28,NPXSUSDT
2019-11-01,29,VETUSDT
2019-11-01,30,DASHUSDT
2019-12-01,1,BTCUSDT
2019-12-01,2,ETHUSDT
2019-12-01,3,BNBUSDT
2019-12-01,4,XRPUSDT
2019-12-01,5,EOSUSDT
2019-12-01,6,LTCUSDT
2019-12-01,7,VETUSDT
2019-12-01,8,TRXUSDT
2019-12-01,9,LINKUSDT
2019-12-01,10,XLMUSDT
2019-12-01,11,ADAUSDT
2019-12-01,12,NEOUSDT
2019-12-01,13,QTUMUSDT
2019-12-01,14,MATICUSDT
2019-12-01,15,IOSTUSDT
2019-12-01,16,ONTUSDT
2019-12-01,17,FETUSDT
2019-12-01,18,ETCUSDT
2019-12-01,19,ATOMUSDT
2019-12-01,20,BTTUSDT
2019-12-01,21,TOMOUSDT
2019-12-01,22,XMRUSDT
2019-12-01,23,ALGOUSDT
2019-12-01,24,XTZUSDT
2019-12-01,25,BATUSDT
2019-12-01,26,ZECUSDT
2019-12-01,27,DASHUSDT
2019-12-01,28,WINUSDT
2019-12-01,29,ERDUSDT
2019-12-01,30,CHZUSDT
2020-01-01,1,BTCUSDT
2020-01-01,2,ETHUSDT
2020-01-01,3,MATICUSDT
2020-01-01,4,BNBUSDT
2020-01-01,5,TRXUSDT
2020-01-01,6,XRPUSDT
2020-01-01,7,EOSUSDT
2020-01-01,8,LTCUSDT
2020-01-01,9,VETUSDT
2020-01-01,10,LINKUSDT
2020-01-01,11,ATOMUSDT
2020-01-01,12,BTTUSDT
2020-01-01,13,XTZUSDT
2020-01-01,14,ETCUSDT
2020-01-01,15,FETUSDT
2020-01-01,16,WINUSDT
2020-01-01,17,ADAUSDT
2020-01-01,18,TOMOUSDT
2020-01-01,19,IOSTUSDT
2020-01-01,20,ZECUSDT
2020-01-01,21,XMRUSDT
2020-01-01,22,WAVESUSDT
2020-01-01,23,ONTUSDT
2020-01-01,24,XLMUSDT
2020-01-01,25,NEOUSDT
2020-01-01,26,RVNUSDT
2020-01-01,27,ALGOUSDT
2020-01-01,28,DASHUSDT
2020-01-01,29,ENJUSDT
2020-01-01,30,BATUSDT
2020-02-01,1,BTCUSDT
2020-02-01,2,BCHUSDT
2020-02-01,3,ETHUSDT
2020-02-01,4,ETCUSDT
2020-02-01,5,EOSUSDT
2020-02-01,6,LTCUSDT
2020-02-01,7,XRPUSDT
2020-02-01,8,BNBUSDT
2020-02-01,9,DASHUSDT
2020-02-01,10,TRXUSDT
2020-02-01,11,LINKUSDT
2020-02-01,12,ADAUSDT
2020-02-01,13,ZECUSDT
2020-02-01,14,XLMUSDT
2020-02-01,15,BTTUSDT
2020-02-01,16,MATICUSDT
2020-02-01,17,ATOMUSDT
2020-02-01,18,XMRUSDT
2020-02-01,19,VETUSDT
2020-02-01,20,NEOUSDT
2020-02-01,21,ONTUSDT
2020-02-01,22,XTZUSDT
2020-02-01,23,QTUMUSDT
2020-02-01,24,WINUSDT
2020-02-01,25,IOSTUSDT
2020-02-01,26,IOTAUSDT
2020-02-01,27,FETUSDT
2020-02-01,28,BATUSDT
2020-02-01,29,WAVESUSDT
2020-02-01,30,ALGOUSDT
2020-03-01,1,BTCUSDT
2020-03-01,2,ETHUSDT
2020-03-01,3,BCHUSDT
2020-03-01,4,XRPUSDT
2020-03-01,5,BNBUSDT
2020-03-01,6,LTCUSDT
2020-03-01,7,EOSUSDT
2020-03-01,8,ETCUSDT
2020-03-01,9,LINKUSDT
2020-03-01,10,TRXUSDT
2020-03-01,11,XTZUSDT
2020-03-01,12,ADAUSDT
2020-03-01,13,XLMUSDT
2020-03-01,14,DASHUSDT
2020-03-01,15,ICXUSDT
2020-03-01,16,NEOUSDT
2020-03-01,17,ZECUSDT
2020-03-01,18,MATICUSDT
2020-03-01,19,VETUSDT
2020-03-01,20,ATOMUSDT
2020-03-01,21,ONTUSDT
2020-03-01,22,HBARUSDT
2020-03-01,23,QTUMUSDT
2020-03-01,24,XMRUSDT
2020-03-01,25,ALGOUSDT
2020-03-01,26,IOTAUSDT
2020-03-01,27,IOSTUSDT
2020-03-01,28,BATUSDT
2020-03-01,29,BTTUSDT
2020-03-01,30,WAVESUSDT
2020-04-01,1,BTCUSDT
2020-04-01,2,ETHUSDT
2020-04-01,3,BCHUSDT
2020-04-01,4,LINKUSDT
2020-04-01,5,BNBUSDT
2020-04-01,6,XRPUSDT
2020-04-01,7,EOSUSDT
2020-04-01,8,LTCUSDT
2020-04-01,9,XTZUSDT
2020-04-01,10,ETCUSDT
2020-04-01,11,TRXUSDT
2020-04-01,12,ADAUSDT
2020-04-01,13,MATICUSDT
2020-04-01,14,DASHUSDT
2020-04-01,15,NEOUSDT
2020-04-01,16,VETUSDT
2020-04-01,17,ZECUSDT
2020-04-01,18,XMRUSDT
2020-04-01,19,XLMUSDT
2020-04-01,20,HBARUSDT
2020-04-01,21,ATOMUSDT
2020-04-01,22,ONTUSDT
2020-04-01,23,QTUMUSDT
2020-04-01,24,ALGOUSDT
2020-04-01,25,IOSTUSDT
2020-04-01,26,ICXUSDT
2020-04-01,27,BATUSDT
2020-04-01,28,OGNUSDT
2020-04-01,29,WAVESUSDT
2020-04-01,30,IOTAUSDT
2020-05-01,1,BTCUSDT
2020-05-01,2,ETHUSDT
2020-05-01,3,BNBUSDT
2020-05-01,4,LINKUSDT
2020-05-01,5,BCHUSDT
2020-05-01,6,XRPUSDT
2020-05-01,7,EOSUSDT
2020-05-01,8,LTCUSDT
2020-05-01,9,XTZUSDT
2020-05-01,10,ETCUSDT
2020-05-01,11,ADAUSDT
2020-05-01,12,DASHUSDT
2020-05-01,13,TRXUSDT
2020-05-01,14,XLMUSDT
2020-05-01,15,ZECUSDT
2020-05-01,16,WRXUSDT
2020-05-01,17,VETUSDT
2020-05-01,18,MATICUSDT
2020-05-01,19,XMRUSDT
2020-05-01,20,NEOUSDT
2020-05-01,21,ATOMUSDT
2020-05-01,22,ONTUSDT
2020-05-01,23,ALGOUSDT
2020-05-01,24,QTUMUSDT
2020-05-01,25,KAVAUSDT
2020-05-01,26,ICXUSDT
2020-05-01,27,BATUSDT
2020-05-01,28,IOSTUSDT
2020-05-01,29,BANDUSDT
2020-05-01,30,WAVESUSDT
2020-06-01,1,BTCUSDT
2020-06-01,2,ETHUSDT
2020-06-01,3,BNBUSDT
2020-06-01,4,BCHUSDT
2020-06-01,5,LINKUSDT
2020-06-01,6,XRPUSDT
2020-06-01,7,EOSUSDT
2020-06-01,8,ADAUSDT
2020-06-01,9,LTCUSDT
2020-06-01,10,ETCUSDT
2020-06-01,11,XTZUSDT
2020-06-01,12,TRXUSDT
2020-06-01,13,MATICUSDT
2020-06-01,14,TFUELUSDT
2020-06-01,15,XLMUSDT
2020-06-01,16,THETAUSDT
2020-06-01,17,VETUSDT
2020-06-01,18,OMGUSDT
2020-06-01,19,NEOUSDT
2020-06-01,20,ZECUSDT
2020-06-01,21,ONTUSDT
2020-06-01,22,ZRXUSDT
2020-06-01,23,DASHUSDT
2020-06-01,24,ZILUSDT
2020-06-01,25,XMRUSDT
2020-06-01,26,BATUSDT
2020-06-01,27,IOSTUSDT
2020-06-01,28,QTUMUSDT
2020-06-01,29,ALGOUSDT
2020-06-01,30,ATOMUSDT
2020-07-01,1,BTCUSDT
2020-07-01,2,ETHUSDT
2020-07-01,3,ADAUSDT
2020-07-01,4,BNBUSDT
2020-07-01,5,VETUSDT
2020-07-01,6,BCHUSDT
2020-07-01,7,LINKUSDT
2020-07-01,8,XRPUSDT
2020-07-01,9,EOSUSDT
2020-07-01,10,ZILUSDT
2020-07-01,11,LTCUSDT
2020-07-01,12,TRXUSDT
2020-07-01,13,XTZUSDT
2020-07-01,14,XLMUSDT
2020-07-01,15,ONTUSDT
2020-07-01,16,IOSTUSDT
2020-07-01,17,ETCUSDT
2020-07-01,18,ZECUSDT
2020-07-01,19,MATICUSDT
2020-07-01,20,NEOUSDT
2020-07-01,21,TFUELUSDT
2020-07-01,22,BATUSDT
2020-07-01,23,THETAUSDT
2020-07-01,24,ERDUSDT
2020-07-01,25,ATOMUSDT
2020-07-01,26,OGNUSDT
2020-07-01,27,XMRUSDT
2020-07-01,28,DASHUSDT
2020-07-01,29,ZRXUSDT
2020-07-01,30,KAVAUSDT
2020-08-01,1,BTCUSDT
2020-08-01,2,ETHUSDT
2020-08-01,3,LINKUSDT
2020-08-01,4,ADAUSDT
2020-08-01,5,VETUSDT
2020-08-01,6,XRPUSDT
2020-08-01,7,BNBUSDT
2020-08-01,8,BCHUSDT
2020-08-01,9,XLMUSDT
2020-08-01,10,XTZUSDT
2020-08-01,11,EOSUSDT
2020-08-01,12,LTCUSDT
2020-08-01,13,ERDUSDT
2020-08-01,14,TRXUSDT
2020-08-01,15,ATOMUSDT
2020-08-01,16,ETCUSDT
2020-08-01,17,ONTUSDT
2020-08-01,18,DOGEUSDT
2020-08-01,19,ZECUSDT
2020-08-01,20,ALGOUSDT
2020-08-01,21,KAVAUSDT
2020-08-01,22,QTUMUSDT
2020-08-01,23,IOSTUSDT
2020-08-01,24,NEOUSDT
2020-08-01,25,XMRUSDT
2020-08-01,26,LENDUSDT
2020-08-01,27,BANDUSDT
2020-08-01,28,ZILUSDT
2020-08-01,29,MATICUSDT
2020-08-01,30,ZRXUSDT
2020-09-01,1,BTCUSDT
2020-09-01,2,ETHUSDT
2020-09-01,3,LINKUSDT
2020-09-01,4,XRPUSDT
2020-09-01,5,EOSUSDT
2020-09-01,6,BNBUSDT
2020-09-01,7,LTCUSDT
2020-09-01,8,BCHUSDT
2020-09-01,9,XTZUSDT
2020-09-01,10,BANDUSDT
2020-09-01,11,OMGUSDT
2020-09-01,12,ADAUSDT
2020-09-01,13,TRXUSDT
2020-09-01,14,VETUSDT
2020-09-01,15,ATOMUSDT
2020-09-01,16,ZECUSDT
2020-09-01,17,QTUMUSDT
2020-09-01,18,ALGOUSDT
2020-09-01,19,WAVESUSDT
2020-09-01,20,LENDUSDT
2020-09-01,21,ONTUSDT
2020-09-01,22,XLMUSDT
2020-09-01,23,NEOUSDT
2020-09-01,24,KAVAUSDT
2020-09-01,25,ZRXUSDT
2020-09-01,26,BATUSDT
2020-09-01,27,COMPUSDT
2020-09-01,28,ETCUSDT
2020-09-01,29,IOSTUSDT
2020-09-01,30,ZILUSDT
2020-10-01,1,BTCUSDT
2020-10-01,2,ETHUSDT
2020-10-01,3,LINKUSDT
2020-10-01,4,BNBUSDT
2020-10-01,5,TRXUSDT
2020-10-01,6,XRPUSDT
2020-10-01,7,EOSUSDT
2020-10-01,8,SXPUSDT
2020-10-01,9,ADAUSDT
2020-10-01,10,BCHUSDT
2020-10-01,11,LTCUSDT
2020-10-01,12,VETUSDT
2020-10-01,13,NEOUSDT
2020-10-01,14,BANDUSDT
2020-10-01,15,ONTUSDT
2020-10-01,16,LENDUSDT
2020-10-01,17,IOSTUSDT
2020-10-01,18,ZECUSDT
2020-10-01,19,XTZUSDT
2020-10-01,20,ATOMUSDT
2020-10-01,21,QTUMUSDT
2020-10-01,22,OMGUSDT
2020-10-01,23,XLMUSDT
2020-10-01,24,THETAUSDT
2020-10-01,25,XMRUSDT
2020-10-01,26,ALGOUSDT
2020-10-01,27,ETCUSDT
2020-10-01,28,BTTUSDT
2020-10-01,29,COMPUSDT
2020-10-01,30,FTMUSDT
2020-11-01,1,BTCUSDT
2020-11-01,2,ETHUSDT
2020-11-01,3,LINKUSDT
2020-11-01,4,BNBUSDT
2020-11-01,5,YFIUSDT
2020-11-01,6,BCHUSDT
2020-11-01,7,XRPUSDT
2020-11-01,8,LTCUSDT
2020-11-01,9,YFIIUSDT
2020-11-01,10,ADAUSDT
2020-11-01,11,DOTUSDT
2020-11-01,12,TRXUSDT
2020-11-01,13,EOSUSDT
2020-11-01,14,SXPUSDT
2020-11-01,15,XMRUSDT
2020-11-01,16,ZECUSDT
2020-11-01,17,VETUSDT
2020-11-01,18,ATOMUSDT
2020-11-01,19,NEOUSDT
2020-11-01,20,RENUSDT
2020-11-01,21,SUSHIUSDT
2020-11-01,22,XLMUSDT
2020-11-01,23,BANDUSDT
2020-11-01,24,XTZUSDT
2020-11-01,25,CRVUSDT
2020-11-01,26,THETAUSDT
2020-11-01,27,WAVESUSDT
2020-11-01,28,DASHUSDT
2020-11-01,29,RSRUSDT
2020-11-01,30,ONTUSDT
2020-12-01,1,BTCUSDT
2020-12-01,2,ETHUSDT
2020-12-01,3,XRPUSDT
2020-12-01,4,LINKUSDT
2020-12-01,5,YFIUSDT
2020-12-01,6,LTCUSDT
2020-12-01,7,ADAUSDT
2020-12-01,8,BCHUSDT
2020-12-01,9,BNBUSDT
2020-12-01,10,XLMUSDT
2020-12-01,11,EOSUSDT
2020-12-01,12,UNIUSDT
2020-12-01,13,TRXUSDT
2020-12-01,14,DOTUSDT
2020-12-01,15,YFIIUSDT
2020-12-01,16,SXPUSDT
2020-12-01,17,ETCUSDT
2020-12-01,18,ZECUSDT
2020-12-01,19,VETUSDT
2020-12-01,20,SUSHIUSDT
2020-12-01,21,DASHUSDT
2020-12-01,22,XTZUSDT
2020-12-01,23,CRVUSDT
2020-12-01,24,NEOUSDT
2020-12-01,25,WAVESUSDT
2020-12-01,26,OMGUSDT
2020-12-01,27,ATOMUSDT
2020-12-01,28,XMRUSDT
2020-12-01,29,CVCUSDT
2020-12-01,30,BANDUSDT
2021-01-01,1,BTCUSDT
2021-01-01,2,ETHUSDT
2021-01-01,3,XRPUSDT
2021-01-01,4,LTCUSDT
2021-01-01,5,BCHUSDT
2021-01-01,6,LINKUSDT
2021-01-01,7,BNBUSDT
2021-01-01,8,ADAUSDT
2021-01-01,9,DOTUSDT
2021-01-01,10,XLMUSDT
2021-01-01,11,YFIUSDT
2021-01-01,12,EOSUSDT
2021-01-01,13,ZILUSDT
2021-01-01,14,SUSHIUSDT
2021-01-01,15,TRXUSDT
2021-01-01,16,UNIUSDT
2021-01-01,17,VETUSDT
2021-01-01,18,THETAUSDT
2021-01-01,19,AAVEUSDT
2021-01-01,20,EGLDUSDT
2021-01-01,21,FILUSDT
2021-01-01,22,ETCUSDT
2021-01-01,23,XMRUSDT
2021-01-01,24,ZECUSDT
2021-01-01,25,DASHUSDT
2021-01-01,26,WAVESUSDT
2021-01-01,27,SXPUSDT
2021-01-01,28,SNXUSDT
2021-01-01,29,CRVUSDT
2021-01-01,30,NEOUSDT
2021-02-01,1,BTCUSDT
2021-02-01,2,ETHUSDT
2021-02-01,3,XRPUSDT
2021-02-01,4,DOGEUSDT
2021-02-01,5,DOTUSDT
2021-02-01,6,LTCUSDT
2021-02-01,7,LINKUSDT
2021-02-01,8,ADAUSDT
2021-02-01,9,BCHUSDT
2021-02-01,10,XLMUSDT
2021-02-01,11,BNBUSDT
2021-02-01,12,EOSUSDT
2021-02-01,13,UNIUSDT
2021-02-01,14,TRXUSDT
2021-02-01,15,YFIUSDT
2021-02-01,16,SUSHIUSDT
2021-02-01,17,VETUSDT
2021-02-01,18,AAVEUSDT
2021-02-01,19,CRVUSDT
2021-02-01,20,SXPUSDT
2021-02-01,21,ZECUSDT
2021-02-01,22,IOSTUSDT
2021-02-01,23,NEOUSDT
2021-02-01,24,ATOMUSDT
2021-02-01,25,ETCUSDT
2021-02-01,26,ALPHAUSDT
2021-02-01,27,THETAUSDT
2021-02-01,28,DASHUSDT
2021-02-01,29,XTZUSDT
2021-02-01,30,EGLDUSDT
2021-03-01,1,BTCUSDT
2021-03-01,2,ETHUSDT
2021-03-01,3,BNBUSDT
2021-03-01,4,XRPUSDT
2021-03-01,5,ADAUSDT
2021-03-01,6,DOGEUSDT
2021-03-01,7,DOTUSDT
2021-03-01,8,LTCUSDT
2021-03-01,9,LINKUSDT
2021-03-01,10,BCHUSDT
2021-03-01,11,XLMUSDT
2021-03-01,12,EOSUSDT
2021-03-01,13,GRTUSDT
2021-03-01,14,UNIUSDT
2021-03-01,15,SXPUSDT
2021-03-01,16,TRXUSDT
2021-03-01,17,AAVEUSDT
2021-03-01,18,SUSHIUSDT
2021-03-01,19,VETUSDT
2021-03-01,20,EGLDUSDT
2021-03-01,21,1INCHUSDT
2021-03-01,22,ATOMUSDT
2021-03-01,23,FTMUSDT
2021-03-01,24,LUNAUSDT
2021-03-01,25,FILUSDT
2021-03-01,26,REEFUSDT
2021-03-01,27,AVAXUSDT
2021-03-01,28,IOSTUSDT
2021-03-01,29,MATICUSDT
2021-03-01,30,NEOUSDT
2021-04-01,1,BTCUSDT
2021-04-01,2,ETHUSDT
2021-04-01,3,BNBUSDT
2021-04-01,4,CHZUSDT
2021-04-01,5,ADAUSDT
2021-04-01,6,XRPUSDT
2021-04-01,7,DOTUSDT
2021-04-01,8,FILUSDT
2021-04-01,9,ENJUSDT
2021-04-01,10,THETAUSDT
2021-04-01,11,BTTUSDT
2021-04-01,12,HOTUSDT
2021-04-01,13,LTCUSDT
2021-04-01,14,VETUSDT
2021-04-01,15,ONEUSDT
2021-04-01,16,SXPUSDT
2021-04-01,17,LUNAUSDT
2021-04-01,18,TRXUSDT
2021-04-01,19,CHRUSDT
2021-04-01,20,LINKUSDT
2021-04-01,21,ANKRUSDT
2021-04-01,22,UNIUSDT
2021-04-01,23,DENTUSDT
2021-04-01,24,MATICUSDT
2021-04-01,25,MANAUSDT
2021-04-01,26,XEMUSDT
2021-04-01,27,DOGEUSDT
2021-04-01,28,TFUELUSDT
2021-04-01,29,NPXSUSDT
2021-04-01,30,REEFUSDT
2021-05-01,1,BTCUSDT
2021-05-01,2,DOGEUSDT
2021-05-01,3,BNBUSDT
2021-05-01,4,ETHUSDT
2021-05-01,5,XRPUSDT
2021-05-01,6,WINUSDT
2021-05-01,7,BTTUSDT
2021-05-01,8,ADAUSDT
2021-05-01,9,VETUSDT
2021-05-01,10,TRXUSDT
2021-05-01,11,CHZUSDT
2021-05-01,12,DOTUSDT
2021-05-01,13,LTCUSDT
2021-05-01,14,HOTUSDT
2021-05-01,15,FILUSDT
2021-05-01,16,EOSUSDT
2021-05-01,17,BCHUSDT
2021-05-01,18,LINKUSDT
2021-05-01,19,DENTUSDT
2021-05-01,20,SXPUSDT
2021-05-01,21,XLMUSDT
2021-05-01,22,CAKEUSDT
2021-05-01,23,MATICUSDT
2021-05-01,24,SOLUSDT
2021-05-01,25,NEOUSDT
2021-05-01,26,ETCUSDT
2021-05-01,27,THETAUSDT
2021-05-01,28,WRXUSDT
2021-05-01,29,ENJUSDT
2021-05-01,30,UNIUSDT
2021-06-01,1,BTCUSDT
2021-06-01,2,ETHUSDT
2021-06-01,3,DOGEUSDT
2021-06-01,4,BNBUSDT
2021-06-01,5,XRPUSDT
2021-06-01,6,ADAUSDT
2021-06-01,7,MATICUSDT
2021-06-01,8,ETCUSDT
2021-06-01,9,EOSUSDT
2021-06-01,10,DOTUSDT
2021-06-01,11,LTCUSDT
2021-06-01,12,LINKUSDT
2021-06-01,13,VETUSDT
2021-06-01,14,BCHUSDT
2021-06-01,15,TRXUSDT
2021-06-01,16,SOLUSDT
2021-06-01,17,XLMUSDT
2021-06-01,18,BTTUSDT
2021-06-01,19,SXPUSDT
2021-06-01,20,FILUSDT
2021-06-01,21,CAKEUSDT
2021-06-01,22,AAVEUSDT
2021-06-01,23,CHZUSDT
2021-06-01,24,THETAUSDT
2021-06-01,25,UNIUSDT
2021-06-01,26,LUNAUSDT
2021-06-01,27,SUSHIUSDT
2021-06-01,28,ONTUSDT
2021-06-01,29,XVSUSDT
2021-06-01,30,NEOUSDT
2021-07-01,1,BTCUSDT
2021-07-01,2,ETHUSDT
2021-07-01,3,BNBUSDT
2021-07-01,4,DOGEUSDT
2021-07-01,5,ADAUSDT
2021-07-01,6,MATICUSDT
2021-07-01,7,XRPUSDT
2021-07-01,8,DOTUSDT
2021-07-01,9,SOLUSDT
2021-07-01,10,VETUSDT
2021-07-01,11,LINKUSDT
2021-07-01,12,FILUSDT
2021-07-01,13,THETAUSDT
2021-07-01,14,CHZUSDT
2021-07-01,15,LTCUSDT
2021-07-01,16,ETCUSDT
2021-07-01,17,TFUELUSDT
2021-07-01,18,EOSUSDT
2021-07-01,19,KSMUSDT
2021-07-01,20,TRXUSDT
2021-07-01,21,CAKEUSDT
2021-07-01,22,SXPUSDT
2021-07-01,23,LUNAUSDT
2021-07-01,24,BCHUSDT
2021-07-01,25,RUNEUSDT
2021-07-01,26,DATAUSDT
2021-07-01,27,UNIUSDT
2021-07-01,28,BAKEUSDT
2021-07-01,29,XLMUSDT
2021-07-01,30,AAVEUSDT
2021-08-01,1,BTCUSDT
2021-08-01,2,ETHUSDT
2021-08-01,3,AXSUSDT
2021-08-01,4,BNBUSDT
2021-08-01,5,DOGEUSDT
2021-08-01,6,XRPUSDT
2021-08-01,7,ADAUSDT
2021-08-01,8,TLMUSDT
2021-08-01,9,MATICUSDT
2021-08-01,10,DOTUSDT
2021-08-01,11,ALICEUSDT
2021-08-01,12,LINKUSDT
2021-08-01,13,THETAUSDT
2021-08-01,14,SOLUSDT
2021-08-01,15,ETCUSDT
2021-08-01,16,SANDUSDT
2021-08-01,17,EOSUSDT
2021-08-01,18,ICPUSDT
2021-08-01,19,LUNAUSDT
2021-08-01,20,AAVEUSDT
2021-08-01,21,SHIBUSDT
2021-08-01,22,FILUSDT
2021-08-01,23,LTCUSDT
2021-08-01,24,VETUSDT
2021-08-01,25,SLPUSDT
2021-08-01,26,RUNEUSDT
2021-08-01,27,CHRUSDT
2021-08-01,28,CHZUSDT
2021-08-01,29,UNIUSDT
2021-08-01,30,BAKEUSDT
2021-09-01,1,BTCUSDT
2021-09-01,2,ETHUSDT
2021-09-01,3,ADAUSDT
2021-09-01,4,DOGEUSDT
2021-09-01,5,XRPUSDT
2021-09-01,6,BNBUSDT
2021-09-01,7,SOLUSDT
2021-09-01,8,DOTUSDT
2021-09-01,9,AXSUSDT
2021-09-01,10,MATICUSDT
2021-09-01,11,LUNAUSDT
2021-09-01,12,AVAXUSDT
2021-09-01,13,ICPUSDT
2021-09-01,14,ALICEUSDT
2021-09-01,15,FILUSDT
2021-09-01,16,ETCUSDT
2021-09-01,17,LINKUSDT
2021-09-01,18,TLMUSDT
2021-09-01,19,VETUSDT
2021-09-01,20,IOTXUSDT
2021-09-01,21,EOSUSDT
2021-09-01,22,LTCUSDT
2021-09-01,23,THETAUSDT
2021-09-01,24,SHIBUSDT
2021-09-01,25,CHZUSDT
2021-09-01,26,ATAUSDT
2021-09-01,27,FTTUSDT
2021-09-01,28,FTMUSDT
2021-09-01,29,RUNEUSDT
2021-09-01,30,DENTUSDT
2021-10-01,1,BTCUSDT
2021-10-01,2,ETHUSDT
2021-10-01,3,SOLUSDT
2021-10-01,4,ADAUSDT
2021-10-01,5,DOTUSDT
2021-10-01,6,AVAXUSDT
2021-10-01,7,BNBUSDT
2021-10-01,8,XRPUSDT
2021-10-01,9,FTMUSDT
2021-10-01,10,FILUSDT
2021-10-01,11,LUNAUSDT
2021-10-01,12,FTTUSDT
2021-10-01,13,ATOMUSDT
2021-10-01,14,DOGEUSDT
2021-10-01,15,LINKUSDT
2021-10-01,16,ALGOUSDT
2021-10-01,17,MATICUSDT
2021-10-01,18,LTCUSDT
2021-10-01,19,TRXUSDT
2021-10-01,20,NEARUSDT
2021-10-01,21,AXSUSDT
2021-10-01,22,EOSUSDT
2021-10-01,23,OMGUSDT
2021-10-01,24,XTZUSDT
2021-10-01,25,ICPUSDT
2021-10-01,26,VETUSDT
2021-10-01,27,THETAUSDT
2021-10-01,28,SRMUSDT
2021-10-01,29,CELRUSDT
2021-10-01,30,ETCUSDT
2021-11-01,1,BTCUSDT
2021-11-01,2,SHIBUSDT
2021-11-01,3,ETHUSDT
2021-11-01,4,DOGEUSDT
2021-11-01,5,SOLUSDT
2021-11-01,6,BNBUSDT
2021-11-01,7,DOTUSDT
2021-11-01,8,XRPUSDT
2021-11-01,9,FTMUSDT
2021-11-01,10,MANAUSDT
2021-11-01,11,ADAUSDT
2021-11-01,12,AXSUSDT
2021-11-01,13,FILUSDT
2021-11-01,14,MATICUSDT
2021-11-01,15,LUNAUSDT
2021-11-01,16,AVAXUSDT
2021-11-01,17,TRXUSDT
2021-11-01,18,LINKUSDT
2021-11-01,19,OMGUSDT
2021-11-01,20,ONEUSDT
2021-11-01,21,SLPUSDT
2021-11-01,22,ATOMUSDT
2021-11-01,23,CHZUSDT
2021-11-01,24,LTCUSDT
2021-11-01,25,SANDUSDT
2021-11-01,26,VETUSDT
2021-11-01,27,THETAUSDT
2021-11-01,28,BTCSTUSDT
2021-11-01,29,NUUSDT
2021-11-01,30,FTTUSDT
2021-12-01,1,BTCUSDT
2021-12-01,2,ETHUSDT
2021-12-01,3,SHIBUSDT
2021-12-01,4,SANDUSDT
2021-12-01,5,MANAUSDT
2021-12-01,6,BNBUSDT
2021-12-01,7,GALAUSDT
2021-12-01,8,SOLUSDT
2021-12-01,9,DOTUSDT
2021-12-01,10,LRCUSDT
2021-12-01,11,XRPUSDT
2021-12-01,12,AVAXUSDT
2021-12-01,13,TRXUSDT
2021-12-01,14,ADAUSDT
2021-12-01,15,DOGEUSDT
2021-12-01,16,LTCUSDT
2021-12-01,17,FILUSDT
2021-12-01,18,OMGUSDT
2021-12-01,19,FTMUSDT
2021-12-01,20,IOTXUSDT
2021-12-01,21,CHRUSDT
2021-12-01,22,SLPUSDT
2021-12-01,23,LUNAUSDT
2021-12-01,24,CHZUSDT
2021-12-01,25,ALICEUSDT
2021-12-01,26,VETUSDT
2021-12-01,27,MATICUSDT
2021-12-01,28,TLMUSDT
2021-12-01,29,LINKUSDT
2021-12-01,30,ENJUSDT
2022-01-01,1,BTCUSDT
2022-01-01,2,ETHUSDT
2022-01-01,3,LUNAUSDT
2022-01-01,4,BNBUSDT
2022-01-01,5,MATICUSDT
2022-01-01,6,SANDUSDT
2022-01-01,7,SHIBUSDT
2022-01-01,8,SOLUSDT
2022-01-01,9,GALAUSDT
2022-01-01,10,XRPUSDT
2022-01-01,11,AVAXUSDT
2022-01-01,12,DOTUSDT
2022-01-01,13,ADAUSDT
2022-01-01,14,DOGEUSDT
2022-01-01,15,MANAUSDT
2022-01-01,16,FTMUSDT
2022-01-01,17,NEARUSDT
2022-01-01,18,TRXUSDT
2022-01-01,19,FILUSDT
2022-01-01,20,GXSUSDT
2022-01-01,21,LINKUSDT
2022-01-01,22,LTCUSDT
2022-01-01,23,ATOMUSDT
2022-01-01,24,CTXCUSDT
2022-01-01,25,CRVUSDT
2022-01-01,26,EGLDUSDT
2022-01-01,27,EOSUSDT
2022-01-01,28,SUSHIUSDT
2022-01-01,29,BTTUSDT
2022-01-01,30,AXSUSDT
2022-02-01,1,BTCUSDT
2022-02-01,2,ETHUSDT
2022-02-01,3,FTMUSDT
2022-02-01,4,BNBUSDT
2022-02-01,5,LUNAUSDT
2022-02-01,6,SOLUSDT
2022-02-01,7,ADAUSDT
2022-02-01,8,ATOMUSDT
2022-02-01,9,DOTUSDT
2022-02-01,10,LINKUSDT
2022-02-01,11,NEARUSDT
2022-02-01,12,SANDUSDT
2022-02-01,13,MATICUSDT
2022-02-01,14,SHIBUSDT
2022-02-01,15,XRPUSDT
2022-02-01,16,DOGEUSDT
2022-02-01,17,GALAUSDT
2022-02-01,18,AVAXUSDT
2022-02-01,19,ROSEUSDT
2022-02-01,20,ICPUSDT
2022-02-01,21,CRVUSDT
2022-02-01,22,ONEUSDT
2022-02-01,23,TRXUSDT
2022-02-01,24,MANAUSDT
2022-02-01,25,FILUSDT
2022-02-01,26,LTCUSDT
2022-02-01,27,THETAUSDT
2022-02-01,28,LRCUSDT
2022-02-01,29,AXSUSDT
2022-02-01,30,ALGOUSDT
2022-03-01,1,BTCUSDT
2022-03-01,2,ETHUSDT
2022-03-01,3,SHIBUSDT
2022-03-01,4,LUNAUSDT
2022-03-01,5,XRPUSDT
2022-03-01,6,GALAUSDT
2022-03-01,7,BNBUSDT
2022-03-01,8,SOLUSDT
2022-03-01,9,SLPUSDT
2022-03-01,10,AVAXUSDT
2022-03-01,11,SANDUSDT
2022-03-01,12,FTMUSDT
2022-03-01,13,ADAUSDT
2022-03-01,14,DOTUSDT
2022-03-01,15,MATICUSDT
2022-03-01,16,MANAUSDT
2022-03-01,17,DOGEUSDT
2022-03-01,18,ATOMUSDT
2022-03-01,19,TRXUSDT
2022-03-01,20,NEARUSDT
2022-03-01,21,LINKUSDT
2022-03-01,22,PEOPLEUSDT
2022-03-01,23,AXSUSDT
2022-03-01,24,FILUSDT
2022-03-01,25,LTCUSDT
2022-03-01,26,ROSEUSDT
2022-03-01,27,THETAUSDT
2022-03-01,28,ICPUSDT
2022-03-01,29,ETCUSDT
2022-03-01,30,CRVUSDT
2022-04-01,1,BTCUSDT
2022-04-01,2,ETHUSDT
2022-04-01,3,LUNAUSDT
2022-04-01,4,SOLUSDT
2022-04-01,5,XRPUSDT
2022-04-01,6,BNBUSDT
2022-04-01,7,AVAXUSDT
2022-04-01,8,FTMUSDT
2022-04-01,9,SHIBUSDT
2022-04-01,10,GALAUSDT
2022-04-01,11,JASMYUSDT
2022-04-01,12,ADAUSDT
2022-04-01,13,WAVESUSDT
2022-04-01,14,ZILUSDT
2022-04-01,15,ETCUSDT
2022-04-01,16,DOTUSDT
2022-04-01,17,NEARUSDT
2022-04-01,18,SANDUSDT
2022-04-01,19,ATOMUSDT
2022-04-01,20,DOGEUSDT
2022-04-01,21,RUNEUSDT
2022-04-01,22,TRXUSDT
2022-04-01,23,MATICUSDT
2022-04-01,24,VETUSDT
2022-04-01,25,LRCUSDT
2022-04-01,26,SLPUSDT
2022-04-01,27,MBLUSDT
2022-04-01,28,LINKUSDT
2022-04-01,29,FILUSDT
2022-04-01,30,MANAUSDT
2022-05-01,1,BTCUSDT
2022-05-01,2,ETHUSDT
2022-05-01,3,LUNAUSDT
2022-05-01,4,DOGEUSDT
2022-05-01,5,SOLUSDT
2022-05-01,6,NEARUSDT
2022-05-01,7,BNBUSDT
2022-05-01,8,ZILUSDT
2022-05-01,9,SHIBUSDT
2022-05-01,10,XRPUSDT
2022-05-01,11,AVAXUSDT
2022-05-01,12,JASMYUSDT
2022-05-01,13,WAVESUSDT
2022-05-01,14,ADAUSDT
2022-05-01,15,FTMUSDT
2022-05-01,16,DOTUSDT
2022-05-01,17,TRXUSDT
2022-05-01,18,SLPUSDT
2022-05-01,19,DARUSDT
2022-05-01,20,GALAUSDT
2022-05-01,21,ETCUSDT
2022-05-01,22,FILUSDT
2022-05-01,23,SANDUSDT
2022-05-01,24,RUNEUSDT
2022-05-01,25,MATICUSDT
2022-05-01,26,ATOMUSDT
2022-05-01,27,GLMRUSDT
2022-05-01,28,AXSUSDT
2022-05-01,29,EOSUSDT
2022-05-01,30,VETUSDT
2022-06-01,1,BTCUSDT
2022-06-01,2,ETHUSDT
2022-06-01,3,GMTUSDT
2022-06-01,4,BNBUSDT
2022-06-01,5,APEUSDT
2022-06-01,6,SOLUSDT
2022-06-01,7,TRXUSDT
2022-06-01,8,XRPUSDT
2022-06-01,9,AVAXUSDT
2022-06-01,10,ADAUSDT
2022-06-01,11,NEARUSDT
2022-06-01,12,SHIBUSDT
2022-06-01,13,FTMUSDT
2022-06-01,14,DOTUSDT
2022-06-01,15,DOGEUSDT
2022-06-01,16,GALAUSDT
2022-06-01,17,MATICUSDT
2022-06-01,18,ANCUSDT
2022-06-01,19,SANDUSDT
2022-06-01,20,ZILUSDT
2022-06-01,21,WAVESUSDT
2022-06-01,22,ATOMUSDT
2022-06-01,23,AXSUSDT
2022-06-01,24,DARUSDT
2022-06-01,25,ENSUSDT
2022-06-01,26,MANAUSDT
2022-06-01,27,JASMYUSDT
2022-06-01,28,LINKUSDT
2022-06-01,29,LTCUSDT
2022-06-01,30,RUNEUSDT
2022-07-01,1,BTCUSDT
2022-07-01,2,ETHUSDT
2022-07-01,3,SOLUSDT
2022-07-01,4,BNBUSDT
2022-07-01,5,ADAUSDT
2022-07-01,6,XRPUSDT
2022-07-01,7,TRXUSDT
2022-07-01,8,GMTUSDT
2022-07-01,9,AVAXUSDT
2022-07-01,10,DOGEUSDT
2022-07-01,11,SHIBUSDT
2022-07-01,12,UNFIUSDT
2022-07-01,13,APEUSDT
2022-07-01,14,LINKUSDT
2022-07-01,15,WAVESUSDT
2022-07-01,16,MATICUSDT
2022-07-01,17,DOTUSDT
2022-07-01,18,NEARUSDT
2022-07-01,19,GALAUSDT
2022-07-01,20,FTMUSDT
2022-07-01,21,SANDUSDT
2022-07-01,22,LTCUSDT
2022-07-01,23,BELUSDT
2022-07-01,24,PEOPLEUSDT
2022-07-01,25,MANAUSDT
2022-07-01,26,ATOMUSDT
2022-07-01,27,RUNEUSDT
2022-07-01,28,FLMUSDT
2022-07-01,29,ANCUSDT
2022-07-01,30,LITUSDT
2022-08-01,1,BTCUSDT
2022-08-01,2,ETHUSDT
2022-08-01,3,SOLUSDT
2022-08-01,4,MATICUSDT
2022-08-01,5,BNBUSDT
2022-08-01,6,ETCUSDT
2022-08-01,7,ADAUSDT
2022-08-01,8,XRPUSDT
2022-08-01,9,AVAXUSDT
2022-08-01,10,GMTUSDT
2022-08-01,11,APEUSDT
2022-08-01,12,SHIBUSDT
2022-08-01,13,DOTUSDT
2022-08-01,14,OPUSDT
2022-08-01,15,DOGEUSDT
2022-08-01,16,SANDUSDT
2022-08-01,17,NEARUSDT
2022-08-01,18,RUNEUSDT
2022-08-01,19,ATOMUSDT
2022-08-01,20,FTMUSDT
2022-08-01,21,BURGERUSDT
2022-08-01,22,FILUSDT
2022-08-01,23,TRXUSDT
2022-08-01,24,LINKUSDT
2022-08-01,25,GALAUSDT
2022-08-01,26,BONDUSDT
2022-08-01,27,WINGUSDT
2022-08-01,28,WAVESUSDT
2022-08-01,29,UNIUSDT
2022-08-01,30,UNFIUSDT
2022-09-01,1,BTCUSDT
2022-09-01,2,ETHUSDT
2022-09-01,3,ETCUSDT
2022-09-01,4,BNBUSDT
2022-09-01,5,SOLUSDT
2022-09-01,6,SHIBUSDT
2022-09-01,7,ADAUSDT
2022-09-01,8,OPUSDT
2022-09-01,9,CHZUSDT
2022-09-01,10,DOGEUSDT
2022-09-01,11,XRPUSDT
2022-09-01,12,AVAXUSDT
2022-09-01,13,NEARUSDT
2022-09-01,14,MATICUSDT
2022-09-01,15,FILUSDT
2022-09-01,16,APEUSDT
2022-09-01,17,DOTUSDT
2022-09-01,18,GMTUSDT
2022-09-01,19,ATOMUSDT
2022-09-01,20,LINKUSDT
2022-09-01,21,GALAUSDT
2022-09-01,22,EOSUSDT
2022-09-01,23,FTMUSDT
2022-09-01,24,SANDUSDT
2022-09-01,25,RUNEUSDT
2022-09-01,26,LDOUSDT
2022-09-01,27,FLOWUSDT
2022-09-01,28,LTCUSDT
2022-09-01,29,TRXUSDT
2022-09-01,30,WAVESUSDT
2022-10-01,1,BTCUSDT
2022-10-01,2,ETHUSDT
2022-10-01,3,XRPUSDT
2022-10-01,4,ETCUSDT
2022-10-01,5,LUNAUSDT
2022-10-01,6,BNBUSDT
2022-10-01,7,SOLUSDT
2022-10-01,8,CHZUSDT
2022-10-01,9,ATOMUSDT
2022-10-01,10,ADAUSDT
2022-10-01,11,SHIBUSDT
2022-10-01,12,MATICUSDT
2022-10-01,13,LINKUSDT
2022-10-01,14,APEUSDT
2022-10-01,15,DOTUSDT
2022-10-01,16,DOGEUSDT
2022-10-01,17,NEARUSDT
2022-10-01,18,AVAXUSDT
2022-10-01,19,RVNUSDT
2022-10-01,20,LTCUSDT
2022-10-01,21,OPUSDT
2022-10-01,22,EOSUSDT
2022-10-01,23,FILUSDT
2022-10-01,24,TRXUSDT
2022-10-01,25,VGXUSDT
2022-10-01,26,ANCUSDT
2022-10-01,27,SANDUSDT
2022-10-01,28,GMTUSDT
2022-10-01,29,SANTOSUSDT
2022-10-01,30,LDOUSDT
2022-11-01,1,BTCUSDT
2022-11-01,2,ETHUSDT
2022-11-01,3,DOGEUSDT
2022-11-01,4,XRPUSDT
2022-11-01,5,BNBUSDT
2022-11-01,6,SOLUSDT
2022-11-01,7,SHIBUSDT
2022-11-01,8,MATICUSDT
2022-11-01,9,ADAUSDT
2022-11-01,10,CHZUSDT
2022-11-01,11,ETCUSDT
2022-11-01,12,ATOMUSDT
2022-11-01,13,LINKUSDT
2022-11-01,14,TRXUSDT
2022-11-01,15,DOTUSDT
2022-11-01,16,LUNAUSDT
2022-11-01,17,AVAXUSDT
2022-11-01,18,NEARUSDT
2022-11-01,19,KLAYUSDT
2022-11-01,20,QNTUSDT
2022-11-01,21,APEUSDT
2022-11-01,22,MDXUSDT
2022-11-01,23,PHAUSDT
2022-11-01,24,LTCUSDT
2022-11-01,25,SUSHIUSDT
2022-11-01,26,UNIUSDT
2022-11-01,27,ENSUSDT
2022-11-01,28,GALAUSDT
2022-11-01,29,SANDUSDT
2022-11-01,30,OPUSDT
2022-12-01,1,BTCUSDT
2022-12-01,2,ETHUSDT
2022-12-01,3,DOGEUSDT
2022-12-01,4,BNBUSDT
2022-12-01,5,XRPUSDT
2022-12-01,6,SOLUSDT
2022-12-01,7,MATICUSDT
2022-12-01,8,CHZUSDT
2022-12-01,9,LTCUSDT
2022-12-01,10,MASKUSDT
2022-12-01,11,LINKUSDT
2022-12-01,12,SHIBUSDT
2022-12-01,13,ADAUSDT
2022-12-01,14,TRXUSDT
2022-12-01,15,TWTUSDT
2022-12-01,16,DOTUSDT
2022-12-01,17,APEUSDT
2022-12-01,18,ATOMUSDT
2022-12-01,19,DYDXUSDT
2022-12-01,20,ALGOUSDT
2022-12-01,21,NEARUSDT
2022-12-01,22,AVAXUSDT
2022-12-01,23,ETCUSDT
2022-12-01,24,OPUSDT
2022-12-01,25,GALAUSDT
2022-12-01,26,FTMUSDT
2022-12-01,27,LUNCUSDT
2022-12-01,28,BANDUSDT
2022-12-01,29,FILUSDT
2022-12-01,30,SANDUSDT
2023-01-01,1,BTCUSDT
2023-01-01,2,ETHUSDT
2023-01-01,3,DOGEUSDT
2023-01-01,4,XRPUSDT
2023-01-01,5,BNBUSDT
2023-01-01,6,LTCUSDT
2023-01-01,7,MATICUSDT
2023-01-01,8,SOLUSDT
2023-01-01,9,LINKUSDT
2023-01-01,10,ADAUSDT
2023-01-01,11,SHIBUSDT
2023-01-01,12,TWTUSDT
2023-01-01,13,APEUSDT
2023-01-01,14,TRXUSDT
2023-01-01,15,CHZUSDT
2023-01-01,16,APTUSDT
2023-01-01,17,MASKUSDT
2023-01-01,18,DOTUSDT
2023-01-01,19,FILUSDT
2023-01-01,20,FTMUSDT
2023-01-01,21,OPUSDT
2023-01-01,22,AXSUSDT
2023-01-01,23,LUNCUSDT
2023-01-01,24,ATOMUSDT
2023-01-01,25,AVAXUSDT
2023-01-01,26,SANDUSDT
2023-01-01,27,NEARUSDT
2023-01-01,28,YFIIUSDT
2023-01-01,29,LEVERUSDT
2023-01-01,30,DYDXUSDT
2023-02-01,1,BTCUSDT
2023-02-01,2,ETHUSDT
2023-02-01,3,SOLUSDT
2023-02-01,4,APTUSDT
2023-02-01,5,XRPUSDT
2023-02-01,6,DOGEUSDT
2023-02-01,7,GALAUSDT
2023-02-01,8,BNBUSDT
2023-02-01,9,MATICUSDT
2023-02-01,10,SHIBUSDT
2023-02-01,11,LTCUSDT
2023-02-01,12,OPUSDT
2023-02-01,13,AVAXUSDT
2023-02-01,14,ADAUSDT
2023-02-01,15,FTMUSDT
2023-02-01,16,LDOUSDT
2023-02-01,17,NEARUSDT
2023-02-01,18,HOOKUSDT
2023-02-01,19,FILUSDT
2023-02-01,20,SANDUSDT
2023-02-01,21,APEUSDT
2023-02-01,22,GMTUSDT
2023-02-01,23,LINKUSDT
2023-02-01,24,DOTUSDT
2023-02-01,25,ETCUSDT
2023-02-01,26,MANAUSDT
2023-02-01,27,AXSUSDT
2023-02-01,28,DYDXUSDT
2023-02-01,29,TRXUSDT
2023-02-01,30,ATOMUSDT
2023-03-01,1,BTCUSDT
2023-03-01,2,ETHUSDT
2023-03-01,3,MATICUSDT
2023-03-01,4,APTUSDT
2023-03-01,5,XRPUSDT
2023-03-01,6,SOLUSDT
2023-03-01,7,BNBUSDT
2023-03-01,8,DOGEUSDT
2023-03-01,9,OPUSDT
2023-03-01,10,FILUSDT
2023-03-01,11,FTMUSDT
2023-03-01,12,SHIBUSDT
2023-03-01,13,LDOUSDT
2023-03-01,14,CFXUSDT
2023-03-01,15,DYDXUSDT
2023-03-01,16,HOOKUSDT
2023-03-01,17,FETUSDT
2023-03-01,18,LTCUSDT
2023-03-01,19,AVAXUSDT
2023-03-01,20,MAGICUSDT
2023-03-01,21,GRTUSDT
2023-03-01,22,GALAUSDT
2023-03-01,23,LINKUSDT
2023-03-01,24,DOTUSDT
2023-03-01,25,ADAUSDT
2023-03-01,26,HIGHUSDT
2023-03-01,27,SANDUSDT
2023-03-01,28,RNDRUSDT
2023-03-01,29,MASKUSDT
2023-03-01,30,NEARUSDT
2023-04-01,1,BTCUSDT
2023-04-01,2,ETHUSDT
2023-04-01,3,XRPUSDT
2023-04-01,4,CFXUSDT
2023-04-01,5,BNBUSDT
2023-04-01,6,SOLUSDT
2023-04-01,7,MATICUSDT
2023-04-01,8,LTCUSDT
2023-04-01,9,FTMUSDT
2023-04-01,10,APTUSDT
2023-04-01,11,DOGEUSDT
2023-04-01,12,FILUSDT
2023-04-01,13,OPUSDT
2023-04-01,14,MASKUSDT
2023-04-01,15,LDOUSDT
2023-04-01,16,MAGICUSDT
2023-04-01,17,ADAUSDT
2023-04-01,18,STXUSDT
2023-04-01,19,SHIBUSDT
2023-04-01,20,GALAUSDT
2023-04-01,21,DYDXUSDT
2023-04-01,22,TRUUSDT
2023-04-01,23,LINKUSDT
2023-04-01,24,TRXUSDT
2023-04-01,25,AVAXUSDT
2023-04-01,26,FETUSDT
2023-04-01,27,DOTUSDT
2023-04-01,28,ATOMUSDT
2023-04-01,29,ACHUSDT
2023-04-01,30,HOOKUSDT
2023-05-01,1,BTCUSDT
2023-05-01,2,ETHUSDT
2023-05-01,3,DOGEUSDT
2023-05-01,4,XRPUSDT
2023-05-01,5,BNBUSDT
2023-05-01,6,SOLUSDT
2023-05-01,7,CFXUSDT
2023-05-01,8,OGUSDT
2023-05-01,9,LTCUSDT
2023-05-01,10,MATICUSDT
2023-05-01,11,ADAUSDT
2023-05-01,12,INJUSDT
2023-05-01,13,FTMUSDT
2023-05-01,14,APTUSDT
2023-05-01,15,GALAUSDT
2023-05-01,16,SXPUSDT
2023-05-01,17,RNDRUSDT
2023-05-01,18,SHIBUSDT
2023-05-01,19,FILUSDT
2023-05-01,20,LINKUSDT
2023-05-01,21,AVAXUSDT
2023-05-01,22,OPUSDT
2023-05-01,23,DYDXUSDT
2023-05-01,24,MASKUSDT
2023-05-01,25,DOTUSDT
2023-05-01,26,ATOMUSDT
2023-05-01,27,LINAUSDT
2023-05-01,28,FETUSDT
2023-05-01,29,LDOUSDT
2023-05-01,30,ICXUSDT
2023-06-01,1,BTCUSDT
2023-06-01,2,ETHUSDT
2023-06-01,3,XRPUSDT
2023-06-01,4,ARBUSDT
2023-06-01,5,BNBUSDT
2023-06-01,6,LTCUSDT
2023-06-01,7,SOLUSDT
2023-06-01,8,RNDRUSDT
2023-06-01,9,MATICUSDT
2023-06-01,10,CFXUSDT
2023-06-01,11,DOGEUSDT
2023-06-01,12,ARPAUSDT
2023-06-01,13,FTMUSDT
2023-06-01,14,RADUSDT
2023-06-01,15,LINAUSDT
2023-06-01,16,ADAUSDT
2023-06-01,17,GALAUSDT
2023-06-01,18,IDUSDT
2023-06-01,19,APTUSDT
2023-06-01,20,OPUSDT
2023-06-01,21,TRXUSDT
2023-06-01,22,INJUSDT
2023-06-01,23,AGIXUSDT
2023-06-01,24,LDOUSDT
2023-06-01,25,AVAXUSDT
2023-06-01,26,FILUSDT
2023-06-01,27,SHIBUSDT
2023-06-01,28,MASKUSDT
2023-06-01,29,LINKUSDT
2023-06-01,30,JASMYUSDT
2023-07-01,1,BTCUSDT
2023-07-01,2,ETHUSDT
2023-07-01,3,XRPUSDT
2023-07-01,4,BNBUSDT
2023-07-01,5,LTCUSDT
2023-07-01,6,SOLUSDT
2023-07-01,7,ARBUSDT
2023-07-01,8,BCHUSDT
2023-07-01,9,MATICUSDT
2023-07-01,10,PEPEUSDT
2023-07-01,11,LINAUSDT
2023-07-01,12,SUIUSDT
2023-07-01,13,DOGEUSDT
2023-07-01,14,ADAUSDT
2023-07-01,15,OPUSDT
2023-07-01,16,CFXUSDT
2023-07-01,17,APTUSDT
2023-07-01,18,RNDRUSDT
2023-07-01,19,FTMUSDT
2023-07-01,20,AVAXUSDT
2023-07-01,21,TRXUSDT
2023-07-01,22,SHIBUSDT
2023-07-01,23,MTLUSDT
2023-07-01,24,LINKUSDT
2023-07-01,25,WAVESUSDT
2023-07-01,26,EDUUSDT
2023-07-01,27,FILUSDT
2023-07-01,28,LUNCUSDT
2023-07-01,29,INJUSDT
2023-07-01,30,APEUSDT
2023-08-01,1,BTCUSDT
2023-08-01,2,ETHUSDT
2023-08-01,3,XRPUSDT
2023-08-01,4,SOLUSDT
2023-08-01,5,BNBUSDT
2023-08-01,6,DOGEUSDT
2023-08-01,7,LTCUSDT
2023-08-01,8,BCHUSDT
2023-08-01,9,ARBUSDT
2023-08-01,10,MATICUSDT
2023-08-01,11,XVGUSDT
2023-08-01,12,ADAUSDT
2023-08-01,13,PEPEUSDT
2023-08-01,14,LINKUSDT
2023-08-01,15,OPUSDT
2023-08-01,16,COMPUSDT
2023-08-01,17,XLMUSDT
2023-08-01,18,AVAXUSDT
2023-08-01,19,SHIBUSDT
2023-08-01,20,FILUSDT
2023-08-01,21,SUIUSDT
2023-08-01,22,TRXUSDT
2023-08-01,23,FTMUSDT
2023-08-01,24,MKRUSDT
2023-08-01,25,WAVESUSDT
2023-08-01,26,SNXUSDT
2023-08-01,27,APTUSDT
2023-08-01,28,STMXUSDT
2023-08-01,29,INJUSDT
2023-08-01,30,DOTUSDT
2023-09-01,1,BTCUSDT
2023-09-01,2,ETHUSDT
2023-09-01,3,XRPUSDT
2023-09-01,4,BNBUSDT
2023-09-01,5,SOLUSDT
2023-09-01,6,SHIBUSDT
2023-09-01,7,DOGEUSDT
2023-09-01,8,YGGUSDT
2023-09-01,9,LTCUSDT
2023-09-01,10,OPUSDT
2023-09-01,11,MATICUSDT
2023-09-01,12,BCHUSDT
2023-09-01,13,ARBUSDT
2023-09-01,14,BLZUSDT
2023-09-01,15,RUNEUSDT
2023-09-01,16,PEPEUSDT
2023-09-01,17,SUIUSDT
2023-09-01,18,LINKUSDT
2023-09-01,19,ADAUSDT
2023-09-01,20,LPTUSDT
2023-09-01,21,HBARUSDT
2023-09-01,22,CRVUSDT
2023-09-01,23,APTUSDT
2023-09-01,24,TRXUSDT
2023-09-01,25,APEUSDT
2023-09-01,26,BAKEUSDT
2023-09-01,27,UNFIUSDT
2023-09-01,28,AKROUSDT
2023-09-01,29,BNTUSDT
2023-09-01,30,TOMOUSDT
2023-10-01,1,BTCUSDT
2023-10-01,2,ETHUSDT
2023-10-01,3,XRPUSDT
2023-10-01,4,BNBUSDT
2023-10-01,5,SOLUSDT
2023-10-01,6,HIFIUSDT
2023-10-01,7,WLDUSDT
2023-10-01,8,TRBUSDT
2023-10-01,9,LTCUSDT
2023-10-01,10,ARBUSDT
2023-10-01,11,LINKUSDT
2023-10-01,12,DOGEUSDT
2023-10-01,13,BCHUSDT
2023-10-01,14,PERPUSDT
2023-10-01,15,BLZUSDT
2023-10-01,16,MATICUSDT
2023-10-01,17,LOOMUSDT
2023-10-01,18,FLMUSDT
2023-10-01,19,FRONTUSDT
2023-10-01,20,UNFIUSDT
2023-10-01,21,TRXUSDT
2023-10-01,22,MULTIUSDT
2023-10-01,23,OPUSDT
2023-10-01,24,RUNEUSDT
2023-10-01,25,STORJUSDT
2023-10-01,26,OGNUSDT
2023-10-01,27,SUIUSDT
2023-10-01,28,ADAUSDT
2023-10-01,29,SHIBUSDT
2023-10-01,30,MKRUSDT
2023-11-01,1,BTCUSDT
2023-11-01,2,ETHUSDT
2023-11-01,3,XRPUSDT
2023-11-01,4,SOLUSDT
2023-11-01,5,BNBUSDT
2023-11-01,6,LINKUSDT
2023-11-01,7,LOOMUSDT
2023-11-01,8,DOGEUSDT
2023-11-01,9,MATICUSDT
2023-11-01,10,TRBUSDT
2023-11-01,11,ARBUSDT
2023-11-01,12,RUNEUSDT
2023-11-01,13,AVAXUSDT
2023-11-01,14,LTCUSDT
2023-11-01,15,BONDUSDT
2023-11-01,16,BCHUSDT
2023-11-01,17,PEPEUSDT
2023-11-01,18,TRXUSDT
2023-11-01,19,APTUSDT
2023-11-01,20,SHIBUSDT
2023-11-01,21,STRAXUSDT
2023-11-01,22,GALAUSDT
2023-11-01,23,MINAUSDT
2023-11-01,24,OPUSDT
2023-11-01,25,POLYXUSDT
2023-11-01,26,CYBERUSDT
2023-11-01,27,ADAUSDT
2023-11-01,28,WLDUSDT
2023-11-01,29,BLZUSDT
2023-11-01,30,SUIUSDT
2023-12-01,1,BTCUSDT
2023-12-01,2,ETHUSDT
2023-12-01,3,SOLUSDT
2023-12-01,4,XRPUSDT
2023-12-01,5,BNBUSDT
2023-12-01,6,DOGEUSDT
2023-12-01,7,LINKUSDT
2023-12-01,8,AVAXUSDT
2023-12-01,9,FTTUSDT
2023-12-01,10,MATICUSDT
2023-12-01,11,GASUSDT
2023-12-01,12,RUNEUSDT
2023-12-01,13,ARBUSDT
2023-12-01,14,DYDXUSDT
2023-12-01,15,GALAUSDT
2023-12-01,16,ADAUSDT
2023-12-01,17,CAKEUSDT
2023-12-01,18,ARKUSDT
2023-12-01,19,WLDUSDT
2023-12-01,20,NEARUSDT
2023-12-01,21,SEIUSDT
2023-12-01,22,LUNAUSDT
2023-12-01,23,RNDRUSDT
2023-12-01,24,SUIUSDT
2023-12-01,25,FETUSDT
2023-12-01,26,DOTUSDT
2023-12-01,27,OPUSDT
2023-12-01,28,SHIBUSDT
2023-12-01,29,LTCUSDT
2023-12-01,30,LUNCUSDT
2024-01-01,1,BTCUSDT
2024-01-01,2,ETHUSDT
2024-01-01,3,SOLUSDT
2024-01-01,4,BNBUSDT
2024-01-01,5,AVAXUSDT
2024-01-01,6,XRPUSDT
2024-01-01,7,DOGEUSDT
2024-01-01,8,ADAUSDT
2024-01-01,9,OPUSDT
2024-01-01,10,MATICUSDT
2024-01-01,11,ARBUSDT
2024-01-01,12,TIAUSDT
2024-01-01,13,LINKUSDT
2024-01-01,14,LUNCUSDT
2024-01-01,15,INJUSDT
2024-01-01,16,NEARUSDT
2024-01-01,17,SEIUSDT
2024-01-01,18,DOTUSDT
2024-01-01,19,RUNEUSDT
2024-01-01,20,BAKEUSDT
2024-01-01,21,MEMEUSDT
2024-01-01,22,ICPUSDT
2024-01-01,23,FILUSDT
2024-01-01,24,SHIBUSDT
2024-01-01,25,TRBUSDT
2024-01-01,26,WLDUSDT
2024-01-01,27,FTTUSDT
2024-01-01,28,ATOMUSDT
2024-01-01,29,DYDXUSDT
2024-01-01,30,MOVRUSDT
2024-02-01,1,BTCUSDT
2024-02-01,2,ETHUSDT
2024-02-01,3,SOLUSDT
2024-02-01,4,BNBUSDT
2024-02-01,5,ARBUSDT
2024-02-01,6,XRPUSDT
2024-02-01,7,ORDIUSDT
2024-02-01,8,SEIUSDT
2024-02-01,9,SUIUSDT
2024-02-01,10,AVAXUSDT
2024-02-01,11,TIAUSDT
2024-02-01,12,OPUSDT
2024-02-01,13,PEOPLEUSDT
2024-02-01,14,LINKUSDT
2024-02-01,15,DOGEUSDT
2024-02-01,16,MATICUSDT
2024-02-01,17,INJUSDT
2024-02-01,18,ADAUSDT
2024-02-01,19,ICPUSDT
2024-02-01,20,ENSUSDT
2024-02-01,21,RUNEUSDT
2024-02-01,22,NEARUSDT
2024-02-01,23,TRBUSDT
2024-02-01,24,FILUSDT
2024-02-01,25,ETCUSDT
2024-02-01,26,BLURUSDT
2024-02-01,27,DOTUSDT
2024-02-01,28,STXUSDT
2024-02-01,29,APTUSDT
2024-02-01,30,LTCUSDT
2024-03-01,1,BTCUSDT
2024-03-01,2,ETHUSDT
2024-03-01,3,SOLUSDT
2024-03-01,4,BNBUSDT
2024-03-01,5,XRPUSDT
2024-03-01,6,WLDUSDT
2024-03-01,7,DOGEUSDT
2024-03-01,8,LINKUSDT
2024-03-01,9,ARBUSDT
2024-03-01,10,AVAXUSDT
2024-03-01,11,SUIUSDT
2024-03-01,12,FILUSDT
2024-03-01,13,ORDIUSDT
2024-03-01,14,ADAUSDT
2024-03-01,15,MATICUSDT
2024-03-01,16,SEIUSDT
2024-03-01,17,PEPEUSDT
2024-03-01,18,INJUSDT
2024-03-01,19,RNDRUSDT
2024-03-01,20,RUNEUSDT
2024-03-01,21,OPUSDT
2024-03-01,22,SHIBUSDT
2024-03-01,23,AIUSDT
2024-03-01,24,NEARUSDT
2024-03-01,25,UNIUSDT
2024-03-01,26,JASMYUSDT
2024-03-01,27,TIAUSDT
2024-03-01,28,CKBUSDT
2024-03-01,29,1000SATSUSDT
2024-03-01,30,FETUSDT
2024-04-01,1,BTCUSDT
2024-04-01,2,ETHUSDT
2024-04-01,3,SOLUSDT
2024-04-01,4,SHIBUSDT
2024-04-01,5,BNBUSDT
2024-04-01,6,DOGEUSDT
2024-04-01,7,PEPEUSDT
2024-04-01,8,XRPUSDT
2024-04-01,9,FLOKIUSDT
2024-04-01,10,AVAXUSDT
2024-04-01,11,ARBUSDT
2024-04-01,12,WLDUSDT
2024-04-01,13,NEARUSDT
2024-04-01,14,FETUSDT
2024-04-01,15,RUNEUSDT
2024-04-01,16,BONKUSDT
2024-04-01,17,FTMUSDT
2024-04-01,18,FILUSDT
2024-04-01,19,ADAUSDT
2024-04-01,20,ORDIUSDT
2024-04-01,21,RNDRUSDT
2024-04-01,22,MATICUSDT
2024-04-01,23,GALAUSDT
2024-04-01,24,SUIUSDT
2024-04-01,25,LTCUSDT
2024-04-01,26,BCHUSDT
2024-04-01,27,LINKUSDT
2024-04-01,28,JUPUSDT
2024-04-01,29,OPUSDT
2024-04-01,30,APTUSDT
2024-05-01,1,BTCUSDT
2024-05-01,2,ETHUSDT
2024-05-01,3,SOLUSDT
2024-05-01,4,DOGEUSDT
2024-05-01,5,BNBUSDT
2024-05-01,6,PEPEUSDT
2024-05-01,7,XRPUSDT
2024-05-01,8,WIFUSDT
2024-05-01,9,SHIBUSDT
2024-05-01,10,NEARUSDT
2024-05-01,11,ORDIUSDT
2024-05-01,12,BCHUSDT
2024-05-01,13,RUNEUSDT
2024-05-01,14,AVAXUSDT
2024-05-01,15,ARBUSDT
2024-05-01,16,LTCUSDT
2024-05-01,17,WLDUSDT
2024-05-01,18,FETUSDT
2024-05-01,19,ADAUSDT
2024-05-01,20,FTMUSDT
2024-05-01,21,FILUSDT
2024-05-01,22,FLOKIUSDT
2024-05-01,23,CKBUSDT
2024-05-01,24,PENDLEUSDT
2024-05-01,25,SUIUSDT
2024-05-01,26,LINKUSDT
2024-05-01,27,BONKUSDT
2024-05-01,28,MATICUSDT
2024-05-01,29,RNDRUSDT
2024-05-01,30,OPUSDT
2024-06-01,1,BTCUSDT
2024-06-01,2,ETHUSDT
2024-06-01,3,SOLUSDT
2024-06-01,4,PEPEUSDT
2024-06-01,5,DOGEUSDT
2024-06-01,6,WIFUSDT
2024-06-01,7,BNBUSDT
2024-06-01,8,XRPUSDT
2024-06-01,9,SHIBUSDT
2024-06-01,10,BOMEUSDT
2024-06-01,11,BONKUSDT
2024-06-01,12,FLOKIUSDT
2024-06-01,13,ENAUSDT
2024-06-01,14,PEOPLEUSDT
2024-06-01,15,RNDRUSDT
2024-06-01,16,WLDUSDT
2024-06-01,17,ARBUSDT
2024-06-01,18,NEARUSDT
2024-06-01,19,RUNEUSDT
2024-06-01,20,TRBUSDT
2024-06-01,21,ETHFIUSDT
2024-06-01,22,AVAXUSDT
2024-06-01,23,LINKUSDT
2024-06-01,24,ORDIUSDT
2024-06-01,25,FETUSDT
2024-06-01,26,OPUSDT
2024-06-01,27,FTMUSDT
2024-06-01,28,JTOUSDT
2024-06-01,29,ARUSDT
2024-06-01,30,SUIUSDT
2024-07-01,1,BTCUSDT
2024-07-01,2,ETHUSDT
2024-07-01,3,SOLUSDT
2024-07-01,4,PEPEUSDT
2024-07-01,5,BNBUSDT
2024-07-01,6,WIFUSDT
2024-07-01,7,PEOPLEUSDT
2024-07-01,8,XRPUSDT
2024-07-01,9,FLOKIUSDT
2024-07-01,10,DOGEUSDT
2024-07-01,11,ORDIUSDT
2024-07-01,12,BOMEUSDT
2024-07-01,13,BONKUSDT
2024-07-01,14,SHIBUSDT
2024-07-01,15,JASMYUSDT
2024-07-01,16,FETUSDT
2024-07-01,17,ENAUSDT
2024-07-01,18,WLDUSDT
2024-07-01,19,NEARUSDT
2024-07-01,20,AVAXUSDT
2024-07-01,21,ARBUSDT
2024-07-01,22,HIGHUSDT
2024-07-01,23,INJUSDT
2024-07-01,24,RNDRUSDT
2024-07-01,25,CRVUSDT
2024-07-01,26,ETHFIUSDT
2024-07-01,27,RUNEUSDT
2024-07-01,28,FTMUSDT
2024-07-01,29,ADAUSDT
2024-07-01,30,FILUSDT
2024-08-01,1,BTCUSDT
2024-08-01,2,ETHUSDT
2024-08-01,3,SOLUSDT
2024-08-01,4,PEPEUSDT
2024-08-01,5,XRPUSDT
2024-08-01,6,WIFUSDT
2024-08-01,7,BNBUSDT
2024-08-01,8,NOTUSDT
2024-08-01,9,DOGEUSDT
2024-08-01,10,1000SATSUSDT
2024-08-01,11,BONKUSDT
2024-08-01,12,WLDUSDT
2024-08-01,13,BOMEUSDT
2024-08-01,14,PEOPLEUSDT
2024-08-01,15,SHIBUSDT
2024-08-01,16,FLOKIUSDT
2024-08-01,17,AVAXUSDT
2024-08-01,18,NEARUSDT
2024-08-01,19,RUNEUSDT
2024-08-01,20,ORDIUSDT
2024-08-01,21,ARBUSDT
2024-08-01,22,ETHFIUSDT
2024-08-01,23,FETUSDT
2024-08-01,24,ADAUSDT
2024-08-01,25,ENSUSDT
2024-08-01,26,TRXUSDT
2024-08-01,27,LINKUSDT
2024-08-01,28,TIAUSDT
2024-08-01,29,ENAUSDT
2024-08-01,30,MATICUSDT
2024-09-01,1,BTCUSDT
2024-09-01,2,ETHUSDT
2024-09-01,3,SOLUSDT
2024-09-01,4,PEPEUSDT
2024-09-01,5,XRPUSDT
2024-09-01,6,BNBUSDT
2024-09-01,7,WIFUSDT
2024-09-01,8,1000SATSUSDT
2024-09-01,9,NOTUSDT
2024-09-01,10,DOGEUSDT
2024-09-01,11,TRXUSDT
2024-09-01,12,SUIUSDT
2024-09-01,13,FLOKIUSDT
2024-09-01,14,FETUSDT
2024-09-01,15,BOMEUSDT
2024-09-01,16,RAREUSDT
2024-09-01,17,RUNEUSDT
2024-09-01,18,AVAXUSDT
2024-09-01,19,NEARUSDT
2024-09-01,20,SHIBUSDT
2024-09-01,21,ORDIUSDT
2024-09-01,22,MATICUSDT
2024-09-01,23,BONKUSDT
2024-09-01,24,AAVEUSDT
2024-09-01,25,SUNUSDT
2024-09-01,26,ARBUSDT
2024-09-01,27,PEOPLEUSDT
2024-09-01,28,CRVUSDT
2024-09-01,29,ADAUSDT
2024-09-01,30,WLDUSDT
2024-10-01,1,BTCUSDT
2024-10-01,2,ETHUSDT
2024-10-01,3,SOLUSDT
2024-10-01,4,PEPEUSDT
2024-10-01,5,BNBUSDT
2024-10-01,6,SUIUSDT
2024-10-01,7,WIFUSDT
2024-10-01,8,XRPUSDT
2024-10-01,9,FETUSDT
2024-10-01,10,DOGEUSDT
2024-10-01,11,1000SATSUSDT
2024-10-01,12,NEARUSDT
2024-10-01,13,FTMUSDT
2024-10-01,14,SHIBUSDT
2024-10-01,15,TAOUSDT
2024-10-01,16,AVAXUSDT
2024-10-01,17,SEIUSDT
2024-10-01,18,AAVEUSDT
2024-10-01,19,ORDIUSDT
2024-10-01,20,BOMEUSDT
2024-10-01,21,FLOKIUSDT
2024-10-01,22,NOTUSDT
2024-10-01,23,TRXUSDT
2024-10-01,24,WLDUSDT
2024-10-01,25,PEOPLEUSDT
2024-10-01,26,RUNEUSDT
2024-10-01,27,SAGAUSDT
2024-10-01,28,TIAUSDT
2024-10-01,29,BONKUSDT
2024-10-01,30,CKBUSDT
2024-11-01,1,BTCUSDT
2024-11-01,2,ETHUSDT
2024-11-01,3,SOLUSDT
2024-11-01,4,PEPEUSDT
2024-11-01,5,SUIUSDT
2024-11-01,6,DOGEUSDT
2024-11-01,7,WIFUSDT
2024-11-01,8,XRPUSDT
2024-11-01,9,BNBUSDT
2024-11-01,10,BOMEUSDT
2024-11-01,11,WLDUSDT
2024-11-01,12,SHIBUSDT
2024-11-01,13,APTUSDT
2024-11-01,14,TAOUSDT
2024-11-01,15,SEIUSDT
2024-11-01,16,FETUSDT
2024-11-01,17,RUNEUSDT
2024-11-01,18,ENAUSDT
2024-11-01,19,APEUSDT
2024-11-01,20,FTMUSDT
2024-11-01,21,BONKUSDT
2024-11-01,22,PEOPLEUSDT
2024-11-01,23,OGUSDT
2024-11-01,24,NEARUSDT
2024-11-01,25,FLOKIUSDT
2024-11-01,26,SAGAUSDT
2024-11-01,27,AVAXUSDT
2024-11-01,28,1000SATSUSDT
2024-11-01,29,TIAUSDT
2024-11-01,30,TRXUSDT
2024-12-01,1,BTCUSDT
2024-12-01,2,ETHUSDT
2024-12-01,3,DOGEUSDT
2024-12-01,4,SOLUSDT
2024-12-01,5,XRPUSDT
2024-12-01,6,PEPEUSDT
2024-12-01,7,BNBUSDT
2024-12-01,8,ADAUSDT
2024-12-01,9,SUIUSDT
2024-12-01,10,NEIROUSDT
2024-12-01,11,SHIBUSDT
2024-12-01,12,WIFUSDT
2024-12-01,13,XLMUSDT
2024-12-01,14,BONKUSDT
2024-12-01,15,WLDUSDT
2024-12-01,16,AVAXUSDT
2024-12-01,17,FLOKIUSDT
2024-12-01,18,NEARUSDT
2024-12-01,19,DOTUSDT
2024-12-01,20,HBARUSDT
2024-12-01,21,BOMEUSDT
2024-12-01,22,FETUSDT
2024-12-01,23,ARBUSDT
2024-12-01,24,TRXUSDT
2024-12-01,25,LTCUSDT
2024-12-01,26,FTMUSDT
2024-12-01,27,APTUSDT
2024-12-01,28,ENAUSDT
2024-12-01,29,SEIUSDT
2024-12-01,30,TIAUSDT
2025-01-01,1,BTCUSDT
2025-01-01,2,ETHUSDT
2025-01-01,3,XRPUSDT
2025-01-01,4,DOGEUSDT
2025-01-01,5,SOLUSDT
2025-01-01,6,PEPEUSDT
2025-01-01,7,BNBUSDT
2025-01-01,8,SUIUSDT
2025-01-01,9,TRXUSDT
2025-01-01,10,ADAUSDT
2025-01-01,11,HBARUSDT
2025-01-01,12,LINKUSDT
2025-01-01,13,SHIBUSDT
2025-01-01,14,AVAXUSDT
2025-01-01,15,ENAUSDT
2025-01-01,16,NEIROUSDT
2025-01-01,17,WLDUSDT
2025-01-01,18,LTCUSDT
2025-01-01,19,WIFUSDT
2025-01-01,20,XLMUSDT
2025-01-01,21,AAVEUSDT
2025-01-01,22,CRVUSDT
2025-01-01,23,DOTUSDT
2025-01-01,24,FTMUSDT
2025-01-01,25,UNIUSDT
2025-01-01,26,NEARUSDT
2025-01-01,27,1MBABYDOGEUSDT
2025-01-01,28,ARBUSDT
2025-01-01,29,FLOKIUSDT
2025-01-01,30,SANDUSDT
2025-02-01,1,BTCUSDT
2025-02-01,2,ETHUSDT
2025-02-01,3,SOLUSDT
2025-02-01,4,XRPUSDT
2025-02-01,5,DOGEUSDT
2025-02-01,6,SUIUSDT
2025-02-01,7,PEPEUSDT
2025-02-01,8,ADAUSDT
2025-02-01,9,BNBUSDT
2025-02-01,10,TRXUSDT
2025-02-01,11,ENAUSDT
2025-02-01,12,HBARUSDT
2025-02-01,13,LINKUSDT
2025-02-01,14,LTCUSDT
2025-02-01,15,WIFUSDT
2025-02-01,16,WLDUSDT
2025-02-01,17,XLMUSDT
2025-02-01,18,PNUTUSDT
2025-02-01,19,AVAXUSDT
2025-02-01,20,RUNEUSDT
2025-02-01,21,USUALUSDT
2025-02-01,22,SHIBUSDT
2025-02-01,23,AAVEUSDT
2025-02-01,24,JUPUSDT
2025-02-01,25,BONKUSDT
2025-02-01,26,TAOUSDT
2025-02-01,27,NEIROUSDT
2025-02-01,28,ACTUSDT
2025-02-01,29,FETUSDT
2025-02-01,30,ARBUSDT
2025-03-01,1,BTCUSDT
2025-03-01,2,ETHUSDT
2025-03-01,3,XRPUSDT
2025-03-01,4,SOLUSDT
2025-03-01,5,DOGEUSDT
2025-03-01,6,BNBUSDT
2025-03-01,7,SUIUSDT
2025-03-01,8,PEPEUSDT
2025-03-01,9,LTCUSDT
2025-03-01,10,TRXUSDT
2025-03-01,11,ADAUSDT
2025-03-01,12,RUNEUSDT
2025-03-01,13,LINKUSDT
2025-03-01,14,ENAUSDT
2025-03-01,15,WIFUSDT
2025-03-01,16,HBARUSDT
2025-03-01,17,OMUSDT
2025-03-01,18,BNXUSDT
2025-03-01,19,TAOUSDT
2025-03-01,20,AVAXUSDT
2025-03-01,21,PNUTUSDT
2025-03-01,22,CAKEUSDT
2025-03-01,23,APTUSDT
2025-03-01,24,WLDUSDT
2025-03-01,25,AAVEUSDT
2025-03-01,26,JUPUSDT
2025-03-01,27,SHIBUSDT
2025-03-01,28,NEARUSDT
2025-03-01,29,DOTUSDT
2025-03-01,30,LDOUSDT
2025-04-01,1,BTCUSDT
2025-04-01,2,ETHUSDT
2025-04-01,3,XRPUSDT
2025-04-01,4,SOLUSDT
2025-04-01,5,ADAUSDT
2025-04-01,6,BNBUSDT
2025-04-01,7,DOGEUSDT
2025-04-01,8,TRUMPUSDT
2025-04-01,9,PEPEUSDT
2025-04-01,10,SUIUSDT
2025-04-01,11,TRXUSDT
2025-04-01,12,LTCUSDT
2025-04-01,13,LINKUSDT
2025-04-01,14,ENAUSDT
2025-04-01,15,HBARUSDT
2025-04-01,16,PNUTUSDT
2025-04-01,17,AVAXUSDT
2025-04-01,18,SUSDT
2025-04-01,19,WIFUSDT
2025-04-01,20,CAKEUSDT
2025-04-01,21,AUCTIONUSDT
2025-04-01,22,AAVEUSDT
2025-04-01,23,RUNEUSDT
2025-04-01,24,NEARUSDT
2025-04-01,25,TAOUSDT
2025-04-01,26,WLDUSDT
2025-04-01,27,SHIBUSDT
2025-04-01,28,TONUSDT
2025-04-01,29,DOTUSDT
2025-04-01,30,BCHUSDT
2025-05-01,1,BTCUSDT
2025-05-01,2,ETHUSDT
2025-05-01,3,SOLUSDT
2025-05-01,4,XRPUSDT
2025-05-01,5,SUIUSDT
2025-05-01,6,DOGEUSDT
2025-05-01,7,PEPEUSDT
2025-05-01,8,TRUMPUSDT
2025-05-01,9,BNBUSDT
2025-05-01,10,TRXUSDT
2025-05-01,11,ADAUSDT
2025-05-01,12,OMUSDT
2025-05-01,13,LINKUSDT
2025-05-01,14,AVAXUSDT
2025-05-01,15,EOSUSDT
2025-05-01,16,ENAUSDT
2025-05-01,17,WIFUSDT
2025-05-01,18,LTCUSDT
2025-05-01,19,TAOUSDT
2025-05-01,20,SUSDT
2025-05-01,21,CRVUSDT
2025-05-01,22,HBARUSDT
2025-05-01,23,ALPACAUSDT
2025-05-01,24,ACTUSDT
2025-05-01,25,BONKUSDT
2025-05-01,26,WLDUSDT
2025-05-01,27,NEARUSDT
2025-05-01,28,AAVEUSDT
2025-05-01,29,LAYERUSDT
2025-05-01,30,BERAUSDT
2025-06-01,1,BTCUSDT
2025-06-01,2,ETHUSDT
2025-06-01,3,SOLUSDT
2025-06-01,4,PEPEUSDT
2025-06-01,5,XRPUSDT
2025-06-01,6,DOGEUSDT
2025-06-01,7,SUIUSDT
2025-06-01,8,TRUMPUSDT
2025-06-01,9,BNBUSDT
2025-06-01,10,TRXUSDT
2025-06-01,11,WIFUSDT
2025-06-01,12,ADAUSDT
2025-06-01,13,PNUTUSDT
2025-06-01,14,NEIROUSDT
2025-06-01,15,ENAUSDT
2025-06-01,16,WLDUSDT
2025-06-01,17,AVAXUSDT
2025-06-01,18,LINKUSDT
2025-06-01,19,LTCUSDT
2025-06-01,20,BONKUSDT
2025-06-01,21,UNIUSDT
2025-06-01,22,AAVEUSDT
2025-06-01,23,ETHFIUSDT
2025-06-01,24,PENGUUSDT
2025-06-01,25,TAOUSDT
2025-06-01,26,SHIBUSDT
2025-06-01,27,LAYERUSDT
2025-06-01,28,NEARUSDT
2025-06-01,29,ARBUSDT
2025-06-01,30,MUBARAKUSDT
2025-07-01,1,BTCUSDT
2025-07-01,2,ETHUSDT
2025-07-01,3,SOLUSDT
2025-07-01,4,XRPUSDT
2025-07-01,5,PEPEUSDT
2025-07-01,6,DOGEUSDT
2025-07-01,7,SUIUSDT
2025-07-01,8,TRXUSDT
2025-07-01,9,BNBUSDT
2025-07-01,10,UNIUSDT
2025-07-01,11,ADAUSDT
2025-07-01,12,WIFUSDT
2025-07-01,13,ENAUSDT
2025-07-01,14,AAVEUSDT
2025-07-01,15,TRUMPUSDT
2025-07-01,16,SEIUSDT
2025-07-01,17,VIRTUALUSDT
2025-07-01,18,AVAXUSDT
2025-07-01,19,LINKUSDT
2025-07-01,20,NEIROUSDT
2025-07-01,21,TAOUSDT
2025-07-01,22,WLDUSDT
2025-07-01,23,BCHUSDT
2025-07-01,24,LTCUSDT
2025-07-01,25,ARBUSDT
2025-07-01,26,PNUTUSDT
2025-07-01,27,PENGUUSDT
2025-07-01,28,ETHFIUSDT
2025-07-01,29,FETUSDT
2025-07-01,30,APTUSDT
2025-08-01,1,ETHUSDT
2025-08-01,2,BTCUSDT
2025-08-01,3,XRPUSDT
2025-08-01,4,SOLUSDT
2025-08-01,5,DOGEUSDT
2025-08-01,6,PEPEUSDT
2025-08-01,7,SUIUSDT
2025-08-01,8,BNBUSDT
2025-08-01,9,PENGUUSDT
2025-08-01,10,TRXUSDT
2025-08-01,11,ENAUSDT
2025-08-01,12,BONKUSDT
2025-08-01,13,ADAUSDT
2025-08-01,14,UNIUSDT
2025-08-01,15,HBARUSDT
2025-08-01,16,XLMUSDT
2025-08-01,17,WIFUSDT
2025-08-01,18,LTCUSDT
2025-08-01,19,LINKUSDT
2025-08-01,20,AVAXUSDT
2025-08-01,21,TRUMPUSDT
2025-08-01,22,SEIUSDT
2025-08-01,23,AAVEUSDT
2025-08-01,24,FLOKIUSDT
2025-08-01,25,CRVUSDT
2025-08-01,26,NEIROUSDT
2025-08-01,27,WLDUSDT
2025-08-01,28,CFXUSDT
2025-08-01,29,ARBUSDT
2025-08-01,30,PNUTUSDT
2025-09-01,1,ETHUSDT
2025-09-01,2,BTCUSDT
2025-09-01,3,SOLUSDT
2025-09-01,4,XRPUSDT
2025-09-01,5,DOGEUSDT
2025-09-01,6,BNBUSDT
2025-09-01,7,ADAUSDT
2025-09-01,8,LINKUSDT
2025-09-01,9,ENAUSDT
2025-09-01,10,SUIUSDT
2025-09-01,11,TRXUSDT
2025-09-01,12,PEPEUSDT
2025-09-01,13,PENGUUSDT
2025-09-01,14,UNIUSDT
2025-09-01,15,LTCUSDT
2025-09-01,16,ARBUSDT
2025-09-01,17,AVAXUSDT
2025-09-01,18,BIOUSDT
2025-09-01,19,BONKUSDT
2025-09-01,20,AAVEUSDT
2025-09-01,21,HBARUSDT
2025-09-01,22,TRUMPUSDT
2025-09-01,23,SEIUSDT
2025-09-01,24,XLMUSDT
2025-09-01,25,LDOUSDT
2025-09-01,26,WIFUSDT
2025-09-01,27,CRVUSDT
2025-09-01,28,WLDUSDT
2025-09-01,29,DOTUSDT
2025-09-01,30,BCHUSDT
2025-10-01,1,ETHUSDT
2025-10-01,2,BTCUSDT
2025-10-01,3,SOLUSDT
2025-10-01,4,DOGEUSDT
2025-10-01,5,XRPUSDT
2025-10-01,6,BNBUSDT
2025-10-01,7,AVAXUSDT
2025-10-01,8,WLDUSDT
2025-10-01,9,SUIUSDT
2025-10-01,10,ENAUSDT
2025-10-01,11,TRXUSDT
2025-10-01,12,PEPEUSDT
2025-10-01,13,ADAUSDT
2025-10-01,14,LINKUSDT
2025-10-01,15,PENGUUSDT
2025-10-01,16,ARBUSDT
2025-10-01,17,LTCUSDT
2025-10-01,18,NEARUSDT
2025-10-01,19,BONKUSDT
2025-10-01,20,UNIUSDT
2025-10-01,21,TRUMPUSDT
2025-10-01,22,HBARUSDT
2025-10-01,23,SEIUSDT
2025-10-01,24,AAVEUSDT
2025-10-01,25,DOTUSDT
2025-10-01,26,BCHUSDT
2025-10-01,27,ETHFIUSDT
2025-10-01,28,EIGENUSDT
2025-10-01,29,ONDOUSDT
2025-10-01,30,WIFUSDT
2025-11-01,1,BTCUSDT
2025-11-01,2,ETHUSDT
2025-11-01,3,SOLUSDT
2025-11-01,4,BNBUSDT
2025-11-01,5,XRPUSDT
2025-11-01,6,DOGEUSDT
2025-11-01,7,ZECUSDT
2025-11-01,8,SUIUSDT
2025-11-01,9,ADAUSDT
2025-11-01,10,TRXUSDT
2025-11-01,11,LINKUSDT
2025-11-01,12,AVAXUSDT
2025-11-01,13,ENAUSDT
2025-11-01,14,PEPEUSDT
2025-11-01,15,LTCUSDT
2025-11-01,16,TAOUSDT
2025-11-01,17,CAKEUSDT
2025-11-01,18,TRUMPUSDT
2025-11-01,19,FORMUSDT
2025-11-01,20,PENGUUSDT
2025-11-01,21,WLDUSDT
2025-11-01,22,WLFIUSDT
2025-11-01,23,NEARUSDT
2025-11-01,24,HBARUSDT
2025-11-01,25,APTUSDT
2025-11-01,26,UNIUSDT
2025-11-01,27,ZENUSDT
2025-11-01,28,AAVEUSDT
2025-11-01,29,ARBUSDT
2025-11-01,30,BCHUSDT
2025-12-01,1,BTCUSDT
2025-12-01,2,ETHUSDT
2025-12-01,3,ZECUSDT
2025-12-01,4,SOLUSDT
2025-12-01,5,XRPUSDT
2025-12-01,6,BNBUSDT
2025-12-01,7,DOGEUSDT
2025-12-01,8,DASHUSDT
2025-12-01,9,ICPUSDT
2025-12-01,10,TRXUSDT
2025-12-01,11,SUIUSDT
2025-12-01,12,ZENUSDT
2025-12-01,13,UNIUSDT
2025-12-01,14,FILUSDT
2025-12-01,15,LTCUSDT
2025-12-01,16,ADAUSDT
2025-12-01,17,TAOUSDT
2025-12-01,18,STRKUSDT
2025-12-01,19,LINKUSDT
2025-12-01,20,NEARUSDT
2025-12-01,21,XPLUSDT
2025-12-01,22,TRUMPUSDT
2025-12-01,23,AVAXUSDT
2025-12-01,24,PUMPUSDT
2025-12-01,25,ENAUSDT
2025-12-01,26,PEPEUSDT
2025-12-01,27,ZKUSDT
2025-12-01,28,VIRTUALUSDT
2025-12-01,29,FETUSDT
2025-12-01,30,HBARUSDT
2026-01-01,1,BTCUSDT
2026-01-01,2,ETHUSDT
2026-01-01,3,SOLUSDT
2026-01-01,4,ZECUSDT
2026-01-01,5,XRPUSDT
2026-01-01,6,BNBUSDT
2026-01-01,7,DOGEUSDT
2026-01-01,8,SUIUSDT
2026-01-01,9,TRXUSDT
2026-01-01,10,ASTERUSDT
2026-01-01,11,ADAUSDT
2026-01-01,12,LINKUSDT
2026-01-01,13,AVAXUSDT
2026-01-01,14,BCHUSDT
2026-01-01,15,PEPEUSDT
2026-01-01,16,LUNCUSDT
2026-01-01,17,UNIUSDT
2026-01-01,18,ENAUSDT
2026-01-01,19,LUNAUSDT
2026-01-01,20,LTCUSDT
2026-01-01,21,XPLUSDT
2026-01-01,22,NEARUSDT
2026-01-01,23,TAOUSDT
2026-01-01,24,GIGGLEUSDT
2026-01-01,25,AAVEUSDT
2026-01-01,26,PENGUUSDT
2026-01-01,27,PUMPUSDT
2026-01-01,28,HBARUSDT
2026-01-01,29,WIFUSDT
2026-01-01,30,DOTUSDT
2026-02-01,1,BTCUSDT
2026-02-01,2,ETHUSDT
2026-02-01,3,SOLUSDT
2026-02-01,4,XRPUSDT
2026-02-01,5,BNBUSDT
2026-02-01,6,ZECUSDT
2026-02-01,7,DOGEUSDT
2026-02-01,8,SUIUSDT
2026-02-01,9,PEPEUSDT
2026-02-01,10,TRXUSDT
2026-02-01,11,DASHUSDT
2026-02-01,12,ADAUSDT
2026-02-01,13,LTCUSDT
2026-02-01,14,BCHUSDT
2026-02-01,15,ASTERUSDT
2026-02-01,16,LINKUSDT
2026-02-01,17,AVAXUSDT
2026-02-01,18,PUMPUSDT
2026-02-01,19,ENAUSDT
2026-02-01,20,AXSUSDT
2026-02-01,21,TAOUSDT
2026-02-01,22,NEARUSDT
2026-02-01,23,BONKUSDT
2026-02-01,24,ICPUSDT
2026-02-01,25,UNIUSDT
2026-02-01,26,PENGUUSDT
2026-02-01,27,WLDUSDT
2026-02-01,28,VIRTUALUSDT
2026-02-01,29,HBARUSDT
2026-02-01,30,WIFUSDT
2026-03-01,1,BTCUSDT
2026-03-01,2,ETHUSDT
2026-03-01,3,SOLUSDT
2026-03-01,4,XRPUSDT
2026-03-01,5,BNBUSDT
2026-03-01,6,DOGEUSDT
2026-03-01,7,ZECUSDT
2026-03-01,8,SUIUSDT
2026-03-01,9,TRXUSDT
2026-03-01,10,ADAUSDT
2026-03-01,11,PEPEUSDT
2026-03-01,12,LINKUSDT
2026-03-01,13,ASTERUSDT
2026-03-01,14,AVAXUSDT
2026-03-01,15,LTCUSDT
2026-03-01,16,WLFIUSDT
2026-03-01,17,BCHUSDT
2026-03-01,18,UNIUSDT
2026-03-01,19,TAOUSDT
2026-03-01,20,NEARUSDT
2026-03-01,21,PUMPUSDT
2026-03-01,22,ENAUSDT
2026-03-01,23,AAVEUSDT
2026-03-01,24,KITEUSDT
2026-03-01,25,HBARUSDT
2026-03-01,26,ZROUSDT
2026-03-01,27,FILUSDT
2026-03-01,28,ENSOUSDT
2026-03-01,29,DOTUSDT
2026-03-01,30,ARBUSDT
2026-04-01,1,BTCUSDT
2026-04-01,2,ETHUSDT
2026-04-01,3,SOLUSDT
2026-04-01,4,XRPUSDT
2026-04-01,5,DOGEUSDT
2026-04-01,6,BNBUSDT
2026-04-01,7,TAOUSDT
2026-04-01,8,ZECUSDT
2026-04-01,9,TRXUSDT
2026-04-01,10,ADAUSDT
2026-04-01,11,PEPEUSDT
2026-04-01,12,SUIUSDT
2026-04-01,13,LINKUSDT
2026-04-01,14,NEARUSDT
2026-04-01,15,AVAXUSDT
2026-04-01,16,TRUMPUSDT
2026-04-01,17,KITEUSDT
2026-04-01,18,LTCUSDT
2026-04-01,19,FETUSDT
2026-04-01,20,ASTERUSDT
2026-04-01,21,WLDUSDT
2026-04-01,22,ENAUSDT
2026-04-01,23,BCHUSDT
2026-04-01,24,PUMPUSDT
2026-04-01,25,UNIUSDT
2026-04-01,26,XPLUSDT
2026-04-01,27,AAVEUSDT
2026-04-01,28,BANANAS31USDT
2026-04-01,29,DOTUSDT
2026-04-01,30,FILUSDT
2026-05-01,1,BTCUSDT
2026-05-01,2,ETHUSDT
2026-05-01,3,SOLUSDT
2026-05-01,4,XRPUSDT
2026-05-01,5,DOGEUSDT
2026-05-01,6,ZECUSDT
2026-05-01,7,BNBUSDT
2026-05-01,8,TAOUSDT
2026-05-01,9,PEPEUSDT
2026-05-01,10,STOUSDT
2026-05-01,11,BARDUSDT
2026-05-01,12,TRXUSDT
2026-05-01,13,ADAUSDT
2026-05-01,14,TONUSDT
2026-05-01,15,SUIUSDT
2026-05-01,16,AVAXUSDT
2026-05-01,17,LINKUSDT
2026-05-01,18,ORDIUSDT
2026-05-01,19,ENJUSDT
2026-05-01,20,AAVEUSDT
2026-05-01,21,PENGUUSDT
2026-05-01,22,NEARUSDT
2026-05-01,23,GIGGLEUSDT
2026-05-01,24,AVNTUSDT
2026-05-01,25,ENAUSDT
2026-05-01,26,LTCUSDT
2026-05-01,27,TRUMPUSDT
2026-05-01,28,BIOUSDT
2026-05-01,29,FETUSDT
2026-05-01,30,WLDUSDT
2026-06-01,1,BTCUSDT
2026-06-01,2,ETHUSDT
2026-06-01,3,SOLUSDT
2026-06-01,4,ZECUSDT
2026-06-01,5,XRPUSDT
2026-06-01,6,BNBUSDT
2026-06-01,7,DOGEUSDT
2026-06-01,8,SUIUSDT
2026-06-01,9,NEARUSDT
2026-06-01,10,TONUSDT
2026-06-01,11,TRXUSDT
2026-06-01,12,XLMUSDT
2026-06-01,13,TAOUSDT
2026-06-01,14,PEPEUSDT
2026-06-01,15,LINKUSDT
2026-06-01,16,ONDOUSDT
2026-06-01,17,ADAUSDT
2026-06-01,18,WLDUSDT
2026-06-01,19,SPKUSDT
2026-06-01,20,DASHUSDT
2026-06-01,21,LUNCUSDT
2026-06-01,22,AVAXUSDT
2026-06-01,23,FETUSDT
2026-06-01,24,PENGUUSDT
2026-06-01,25,LTCUSDT
2026-06-01,26,UNIUSDT
2026-06-01,27,ASTERUSDT
2026-06-01,28,FILUSDT
2026-06-01,29,INJUSDT
2026-06-01,30,SAGAUSDT
2026-07-01,1,BTCUSDT
2026-07-01,2,ETHUSDT
2026-07-01,3,SOLUSDT
2026-07-01,4,ZECUSDT
2026-07-01,5,WLDUSDT
2026-07-01,6,XRPUSDT
2026-07-01,7,BNBUSDT
2026-07-01,8,NEARUSDT
2026-07-01,9,DOGEUSDT
2026-07-01,10,XLMUSDT
2026-07-01,11,TAOUSDT
2026-07-01,12,TRXUSDT
2026-07-01,13,SUIUSDT
2026-07-01,14,XPLUSDT
2026-07-01,15,ADAUSDT
2026-07-01,16,ENAUSDT
2026-07-01,17,MEGAUSDT
2026-07-01,18,TONUSDT
2026-07-01,19,AVAXUSDT
2026-07-01,20,ALLOUSDT
2026-07-01,21,LINKUSDT
2026-07-01,22,PEPEUSDT
2026-07-01,23,HOMEUSDT
2026-07-01,24,NIGHTUSDT
2026-07-01,25,AAVEUSDT
2026-07-01,26,FETUSDT
2026-07-01,27,ONDOUSDT
2026-07-01,28,ASTERUSDT
2026-07-01,29,UNIUSDT
2026-07-01,30,BCHUSDT
2026-08-01,1,BTCUSDT
2026-08-01,2,ETHUSDT
2026-08-01,3,SOLUSDT
2026-08-01,4,ZECUSDT
2026-08-01,5,XRPUSDT
2026-08-01,6,BNBUSDT
2026-08-01,7,BANKUSDT
2026-08-01,8,DEXEUSDT
2026-08-01,9,DOGEUSDT
2026-08-01,10,TRXUSDT
2026-08-01,11,XLMUSDT
2026-08-01,12,OPNUSDT
2026-08-01,13,NEARUSDT
2026-08-01,14,ADAUSDT
2026-08-01,15,KITEUSDT
2026-08-01,16,WLDUSDT
2026-08-01,17,PEPEUSDT
2026-08-01,18,AAVEUSDT
2026-08-01,19,SUIUSDT
2026-08-01,20,UNIUSDT
2026-08-01,21,SENTUSDT
2026-08-01,22,LTCUSDT
2026-08-01,23,AIGENSYNUSDT
2026-08-01,24,TAOUSDT
2026-08-01,25,ONDOUSDT
2026-08-01,26,ENAUSDT
2026-08-01,27,LINKUSDT
2026-08-01,28,VANAUSDT
2026-08-01,29,AVAXUSDT
2026-08-01,30,PUMPUSDT
